Customer_ID,Purchase_Date,No_of_units_sold,Car_model_year,Price
HYGP9VY5A0C7YWS3Z235J574,2024-03-02,16228,2023,$207006.17
HYGP9VZJ2F6E229F0K78S3VY,2023-07-25,36327,2024,$66543.01
HYGP9VZMTWB36CXF4RAW9TZ7,2023-06-29,95274,2023,$66849.98
HYGP9VZPHFYXSN8P9AMWSH5V,2024-03-07,0,2024,$135830.34
HYGP9VZRC6ZHCV1JSHMNZ445,2023-06-21,41012,2023,$172543.39
HYGP9VZTZ3EEPXX4S1DTATP2,2023-09-05,82440,2024,$100559.79
HYGP9VZWEAYRD9TQ9SM94C3R,2023-08-03,69763,2024,$30945.42
HYGP9VZYJ6Z330V23ZK44MJ3,2023-12-19,78913,2023,$140895.09
HYGP9W001F85N658HXVARHCT,2023-09-30,20131,2024,$142349.43
HYGP9W02923HDG50HCEES32V,2023-05-12,31653,2023,$98111.54
HYGP9W04H3ZVDTB85173P66D,2024-01-18,93141,2024,$276824.91
HYGP9W063GDY6NY2CCB4XNRM,2024-01-28,67017,2023,$38657.58
HYGP9W09THPGH7A8DVNB22E9,2023-06-14,13584,2023,$83930.66
HYGP9W0A2KJ7N0H04GYNMQPP,2023-06-27,99091,2024,$295385.96
HYGP9W0CGNAEJ6E6GQ4A2098,2024-01-17,3970,2023,$219318.10
HYGP9W0EAT7SG78EXDRB7KV9,2023-11-14,40607,2023,$268815.27
HYGP9W0HC9DGEXZPS6MFNBRQ,2023-11-23,72865,2023,$288665.77
HYGP9W0K48VSYDKM39YDAC4D,2024-02-14,0,2023,$122170.08
HYGP9W0NC2HVJD27F63HXS9H,2023-12-23,0,2024,0
HYGP9W0QSAPXC2355Y3505CA,2023-07-27,0,2023,$262812.41
HYGP9W0R3RE9HRCXCW64DEGS,2024-01-11,0,2023,$277760.86
HYGP9W0TD0V962Q61JHP2YX6,2024-03-12,25603,2024,$86354.03
HYGP9W0W2DKKEZ89WVS1SXS1,2023-11-30,87545,2024,$87699.16
HYGP9W0Y31Q69KV4XYJ5W34Q,2024-04-16,50297,2024,$49131.67
HYGP9W2A2J07K94W992B28VX,2023-12-21,39391,2023,$279171.67
HYGP9W2C58NXVEYN4TASCRPG,2023-09-19,99141,2024,$160634.54
HYGP9W2FZE0EXWW2549G5BE8,2024-04-13,0,2024,$149254.78
HYGP9W2HJCMKVX3959ESNAHF,2023-08-30,78257,2023,$90203.94
HYGP9W2KE8AB9HCDJ3NTXCJH,2024-01-03,51941,2023,$132693.04
HYGP9W2PWRWYYFMPN5826FE6,2023-10-15,54971,2024,$254980.86
HYGP9W2RJWJ9BS9KZGAZB8R3,2024-01-02,0,2024,$179362.25
HYGP9W2VFWH6B0XPXNYTVXGQ,2023-06-10,47830,2024,$171028.40
HYGP9W2Y1D1JEQ2Q188K9397,2023-07-01,94654,2024,$195477.80
HYGP9W30JRAWET5THZ463CHS,2023-08-09,0,2023,$119705.32
HYGP9W33AE26N6HF18B7CYTA,2024-02-04,86766,2024,$153950.38
HYGP9W37YT4KC4VNTP1AT0D1,2024-04-29,34272,2023,$75523.08
HYGP9W3AK9WXHEC9CKNA0T3K,2023-10-12,96997,2023,$164542.57
HYGP9W3EH30Y1W6NFVPNXYHM,2024-02-04,23625,2023,$78362.78
HYGP9W3H4WR7Q9JWXTHCRXK3,2024-01-04,66059,2024,$267267.97
HYGP9W3N7SJRSD86YW2J81TX,2023-08-31,68010,2023,$76408.92
HYGP9W3RYG5HRCBA9HRZSETS,2024-04-03,69097,2024,$20145.42
HYGP9W3TZS074A7N0HS0G0N3,2023-11-25,0,2024,$155188.05
HYGP9W3XVYM2FN6T77028JW8,2024-03-28,1082,2023,$133388.81
HYGP9W41DBA8QA4MV1DXTT7C,2024-03-04,46273,2023,$157739.60
HYGP9W44GM2Q2S4RV7KZ1DK2,2023-07-28,89529,2023,$59705.23
HYGP9W470MGS7MHV8MZ8BTXF,2023-05-30,23212,2023,$55950.69
HYGP9W4AGY38VGY7ZFM9W6ZA,2023-08-09,80673,2023,$162655.77
HYGP9W4ESJK7P30VNABBCK24,2023-09-09,12185,2024,$25010.40
HYGP9W4H1MX9KNYGJWS7PE1C,2023-12-09,27735,2024,$33707.87
HYGP9W4M5F1XSG9FFEQFYVAH,2023-08-12,85080,2023,$242157.78
HYGP9W4RN3804W5T4N4CQ88T,2023-08-30,29291,2023,$66714.72
HYGP9W4VYV26E7BPJE0TRG7B,2024-04-07,44882,2023,$165809.14
HYGP9W4YZWKMNJ2XD5HDF531,2024-04-02,75746,2024,$102338.67
HYGP9W5161Q48VR1W9DVHCWR,2023-11-17,54889,2023,0
HYGP9W54PF4HVDDK6Z5TKR6B,2023-10-21,7009,2024,$277915.68
HYGP9W58Z92D6G0VW90SJN2D,2024-03-14,5328,2024,$139165.38
HYGP9W5B1F18CATACS3HG1TQ,2023-05-25,82710,2024,$147507.67
HYGP9W5EJ5YNJB6CRWFRSYKE,2024-04-30,4591,2024,$134127.33
HYGP9W5HJ1FW0WVGFDNH1X87,2024-04-08,7236,2024,$155101.41
HYGP9W5MW9H71GXN18V7J7TC,2024-01-15,92386,2023,$247156.35
HYGP9W5RJ4YS3D9DG7PVN7S3,2023-05-11,51253,2024,$240032.41
HYGP9W5VRRB3PFZ3NGCKT530,2024-02-11,72308,2024,$122019.99
HYGP9W5YTZ88PNXEGBJT0RQB,2023-08-08,16802,2023,$147004.92
HYGP9W62NQ27YGQHDZN3EEEY,2023-12-04,66965,2024,$147606.07
HYGP9W655X2JRSC9Y5GTAMWP,2023-09-03,876,2024,$153333.75
HYGP9W68A2GK3Z3JMJ6BHX2E,2024-03-01,86971,2023,$256382.56
HYGP9W6BGS0JK7RSMQ98Z88R,2023-05-04,450,2024,$50698.44
HYGP9W6FHJ2QV3XTFT7TRDYF,2023-06-04,94486,2023,$83457.96
HYGP9W6J3HFQBXR115TPVXG1,2023-09-17,50051,2024,$197298.93
HYGP9W6NABVF6Q9VT4WEPFPZ,2024-02-26,0,2024,$211731.92
HYGP9W6R2Y7D7XSS877H10W0,2024-02-13,8485,2023,$45281.08
HYGP9W6V9WY112GNS6XW5RWW,2024-04-24,31783,2023,$184289.44
HYGP9W6YN8QK41SQRAJ2M1MM,2024-04-30,0,2023,$183653.26
HYGP9W71SW72CBBBGRT4AFM5,2023-10-17,95442,2024,$217381.42
HYGP9W7204Q9RMFGYHT8FFG7,2024-02-28,92654,2024,$263698.44
HYGP9W748JE66TQ1959CVPQV,2023-11-10,32013,2023,$282472.31
HYGP9W75SG1WC4MXHNFYTMBJ,2024-01-09,926,2023,$295758.63
HYGP9W76G8NM4Q3103P511EY,2023-10-26,10210,2023,0
HYGP9W773JPJKYYT3FW0B5X0,2023-07-03,25942,2024,$159631.81
HYGP9W79YP56VJ812RSJAME8,2023-09-06,70411,2024,$121546.95
HYGP9W7AVATJ75MCCN2W4113,2023-08-14,32695,2023,0
HYGP9W7CZ1MD2TC9X1WYST2V,2023-05-03,54739,2023,$149781.15
HYGP9W7EH9RED0JJ0K4AEBA3,2024-01-16,83811,2024,$53385.07
HYGP9W7H2HS08W1A283G73ZC,2024-03-07,93505,2024,$186857.87
HYGP9W7J73ST3WVS4X9PV502,2023-09-03,85832,2024,$5370.14
HYGP9W7KNBVBBG3738MZVCK5,2023-07-14,12534,2023,$294605.10
HYGP9W7NM7NG4ZTQM3C442VD,2023-07-20,61167,2024,$34729.88
HYGP9W7RXKAE96FQYN99440T,2024-02-06,46640,2024,$223355.44
HYGP9W7TCA7FDG4VR7MNJCFV,2024-03-13,13814,2023,$264883.42
HYGP9W7XFD1G2J642MYY6NED,2024-03-18,46077,2023,$98334.89
HYGP9W7ZZ9R1PAXBABGKVM1Y,2023-10-27,63256,2024,$3374.54
HYGP9W81695XY34KEGDTDQFF,2023-07-06,37670,2024,$74999.21
HYGP9W84XYJ38T7EQ8G8T4ZS,2023-09-01,80098,2023,0
HYGP9W86RFQ3Q5PEBMVDFJJC,2023-06-10,17269,2024,$180029.77
HYGP9W88NFBP1M4APG0M4CVA,2024-02-15,0,2024,$157934.99
HYGP9W8AE2VN94AGHVVEB0HJ,2024-02-14,21775,2023,$281773.12
HYGP9W8D0ZKCWQJG75V65DN9,2023-06-20,93532,2024,$294043.05
HYGP9W8FQ79JV067Q3M22T83,2024-03-10,64172,2023,$89096.83
HYGP9W8HNC3WJH3JZ4NG0P47,2023-07-24,11832,2023,$120005.67
HYGP9W8MMWVRXENF4D44PWD0,2023-09-15,79675,2023,$226335.95
HYGP9W8PRXFYPT4BEZV2WV74,2023-05-16,81375,2024,$184810.54
HYGP9W8R8SVZ3BVD48NS7GBD,2023-09-11,68651,2023,$173113.90
HYGP9W8VXAPVA9XMXZ46TD1K,2024-01-30,77717,2024,$166041.98
HYGP9W8XARZGY334H2N8PSMC,2023-10-14,95749,2024,$45910.80
HYGP9W8ZZ67HMXCFPZ46PD46,2023-06-28,79500,2023,$37623.29
HYGP9W91JVWYP4VRB0KDKHD7,2024-04-24,95680,2023,$5788.94
HYGP9W94EPCJCKWGDNMMVZMW,2024-04-12,56757,2023,$212969.53
HYGP9W96P8N169D3HNFGS40D,2023-05-14,19796,2024,0
HYGP9W99ZSJ8NPF0CGRDGNYE,2024-01-11,98065,2024,$87357.19
HYGP9W9BDJXDK7ZKXKXP490B,2023-08-25,0,2024,$71004.23
HYGP9W9DMRSFYPNZH0G6JNHT,2023-10-08,86161,2023,$50145.08
HYGP9W9G4ZKPT1BG1W2MJX57,2024-04-20,88198,2023,$91990.35
HYGP9W9J5TN8N2KGDZ159NTM,2023-11-22,60792,2024,$109581.67
HYGP9W9M2Y6B5WVP9KAG2AHE,2023-07-03,53630,2023,$154864.49
HYGP9W9Q0T9SF9JVDSZCV9EQ,2023-12-12,16700,2024,$75254.07
HYGP9W9T8QRC8VJZR7JBAY9A,2023-11-26,51313,2023,$82691.52
HYGP9W9XHAWPZ9PRB5YRDGKW,2023-07-16,98444,2023,$42023.93
HYGP9W9ZYT25FHBD8WKG9RJ4,2024-03-12,0,2023,$221993.02
HYGP9WA1A0MK7GJP24HNCJB4,2023-10-22,4507,2024,$59832.27
HYGP9WA380P98EBJZYTHBVQ5,2024-03-06,17716,2024,$114583.91
HYGP9WA6X4YEMA26WGDCJDR3,2024-03-17,90195,2023,0
HYGP9WA8BNK6AB125N8EPFN3,2024-04-03,52245,2024,0
HYGP9WAA743D19JZY4JQZHJ1,2023-06-09,32174,2024,$177513.01
HYGP9WACFPVFG6M7TND4HHPY,2023-10-31,29808,2023,$105720.14
HYGP9WAFS70N5K9KQ07105TZ,2023-11-15,51840,2023,$299884.33
HYGP9WAHR498W80PY3N4C0W0,2024-03-18,84008,2024,$117698.63
HYGP9WAKE7RSXZYV0XTFHEEY,2023-12-06,0,2023,$248567.11
HYGP9WANFNG418ASV2CQDX3A,2024-01-15,38318,2023,$47580.19
HYGP9WARKFDFHA108C4SRK0J,2023-06-24,87438,2023,$59651.44
HYGP9WAT9CA4G3DZB2MVCMQJ,2023-11-18,7466,2023,$89881.38
HYGP9WAX7BCZ3880J441YQVT,2023-05-02,76153,2023,$131395.87
HYGP9WAZCHG0BTVZDWWFG5SE,2023-08-27,14786,2024,$153148.25
HYGP9WB1TFGV0N467W0PY2CP,2023-10-04,99374,2024,0
HYGP9WB3H5MJG3JXP5N0PNPR,2023-06-04,48907,2024,$74302.34
HYGP9WB6ET1D4DQJVA3QKZ3T,2023-05-03,380,2023,$4542.98
HYGP9WB8SWZFVPS8M1P026DY,2023-12-20,74964,2024,$178322.05
HYGP9WBAM9PWXGE42ESK0S8N,2023-11-04,70899,2024,$232969.12
HYGP9WBDAKCCK04Z6VM4B6YG,2023-09-01,31900,2023,$151882.35
HYGP9WBFWJ1940VZXN2JEJFY,2023-10-27,67303,2023,$238151.40
HYGP9WBK9RYQQJJS1V7CAJJ4,2023-06-24,3361,2024,$169752.07
HYGP9WBNE33GSEY3QZ4PBBN5,2023-05-01,52252,2023,$221533.92
HYGP9WBQQV7GCQ712XDB5HGE,2023-08-06,84549,2023,0
HYGP9WBSXB8XTRQMC333K4PR,2024-01-18,28848,2024,$223166.36
HYGP9WBVM9J4GVS4TSTCX5RP,2023-05-28,21347,2024,$214056.99
HYGP9WBX7YQDCESF51G9KGXH,2023-11-08,75019,2024,$251823.88
HYGP9WBZ0FC0CF28MQGD8WAY,2023-06-01,9860,2024,$127197.19
HYGP9WC1QM2ZQZ24V8AN23QH,2023-09-21,21181,2024,$32263.59
HYGP9WC3A975H54VJ76Y70H8,2023-06-17,537,2023,$66605.07
HYGP9WC6Z91K21TB3MMS1G6H,2024-04-17,25308,2023,$165675.05
HYGP9WC81RM2ZM9MD8R2WZC3,2023-05-09,0,2024,0
HYGP9WCAWRGT8D3746Z4DZH4,2023-11-23,43100,2024,$143111.31
HYGP9WCC21G8HDGM04N3G6F0,2023-11-16,26941,2023,$219685.42
HYGP9WCEQA41MP4G46HAH6BZ,2023-11-21,26200,2024,0
HYGP9WCGB8GQZQ10GTF5X4GN,2023-10-06,93728,2024,$39199.68
HYGP9WCJ69Y1ZZMG0CC5WHEG,2024-03-02,30300,2023,$181294.69
HYGP9WCM2XSNN74ZSKZ0DJ21,2023-09-13,19902,2023,$212526.20
HYGP9WCQW3WH9THA7CJHQ60B,2024-03-04,21760,2023,$133783.75
HYGP9WCST3FW3VC0Q3CC80GH,2023-12-05,0,2023,0
HYGP9WCVYTNGYY9DCS936XGZ,2023-09-25,79023,2024,$45906.72
HYGP9WCXYJCEEKP1AYT7THEM,2024-04-25,27371,2024,$247214.63
HYGP9WCZKB2MEZRRVDW1NDPP,2023-07-11,79186,2024,$128457.33
HYGP9WD16M6PMXYGM3G345KQ,2024-01-07,75809,2023,$183560.94
HYGP9WD31DVJWADFFS4TX7TB,2023-05-28,78596,2024,0
HYGP9WD5QZ8DXRV299A1904H,2024-02-08,59387,2024,$198311.86
HYGP9WD7XRA0N986CZVFX9T6,2023-06-14,42032,2023,$178690.10
HYGP9WD9ETE1AEFDKCEEZ8Y7,2023-12-19,0,2023,$125316.64
HYGP9WDBR3V55MXCFT5PXS6S,2024-01-28,90510,2023,$257840.67
HYGP9WDEDAW2ZPDAVGBN96MH,2023-12-11,74353,2024,$28618.38
HYGP9WDGPHNSXJMPH0AXNBA3,2023-06-24,68916,2024,$61157.95
HYGP9WDJ663PZNSNQ3TC09K7,2023-10-08,75568,2024,$144745.27
HYGP9WDMJAXNZRFJDQFQRMYH,2023-12-19,60499,2024,$262000.60
HYGP9WDP73NJD4NVVK2CW11G,2023-08-27,0,2024,$70326.37
HYGP9WDQXHXQB92HH73FQZX0,2023-11-15,65822,2023,0
HYGP9WDS7H5B6A7PYBZHGQ6Z,2023-08-22,88331,2023,$191113.34
HYGP9WDV8NMRBQQZ83778791,2023-06-16,68004,2023,$259553.07
HYGP9WDX1EJ69XFNJBS0T207,2023-08-24,79615,2024,$297038.83
HYGP9WDZ8ZPP7NH8VQMK4HQ1,2023-10-01,94399,2024,$187545.86
HYGP9WE18Q61P0KF7BYZ5V8K,2023-05-09,91394,2024,$226965.65
HYGP9WE3K6X0R8SWMN65Q3H9,2023-11-06,50842,2023,$37003.74
HYGP9WE5TR7BJ98S905YW3SZ,2023-10-29,72345,2024,$223121.62
HYGP9WE78GQX2FCDMHDP8N3S,2024-03-18,78381,2023,$176123.46
HYGP9WE9C1BBX15DQ3YQFQJE,2023-08-07,70919,2023,$172165.39
HYGP9WEB1PD614AV0HHCXRNH,2024-01-03,49173,2023,$261101.39
HYGP9WEDN3SYGMA71GZGQN2Y,2023-06-12,99128,2024,$46669.51
HYGP9WEFC5Q089RB63G23XAA,2023-06-03,85282,2023,$75895.98
HYGP9WEHDYPE0S9P75TA1AA9,2024-04-17,9582,2023,$200827.80
HYGP9WEK33AA639WGY5DJTWR,2023-06-21,0,2024,$217299.21
HYGP9WENS1J4D9D0Q17JPMZ8,2023-07-05,93240,2024,$10038.21
HYGP9WES00J8KWYGY59Q7W1C,2023-10-01,96682,2024,$291763.51
HYGP9WEVCTJ0VCE2R7PXG301,2023-05-21,64068,2024,$251594.02
HYGP9WEX5C4ZARF9PTE694HJ,2023-08-21,66489,2024,$39825.69
HYGP9WEZGG0AAVJ20QSJC42E,2023-12-16,91418,2023,$177045.60
HYGP9WF1MXJPMFGJPW5W0DMQ,2023-07-12,95274,2023,$287572.88
HYGP9WF4A2HMD5RWY6N287QJ,2023-11-14,76227,2024,0
HYGP9WF5AKQ6AZMJ7HCZJPXX,2023-08-27,37024,2023,$49656.68
HYGP9WF7PV6BMYC241WMFBJB,2023-09-19,56433,2024,$111628.92
HYGP9WFA4NMH2866X3FCPSQ4,2023-10-06,0,2023,$246873.80
HYGP9WFBMY1ZPDRT6NW6BQ0P,2023-09-07,92871,2024,$224909.15
HYGP9WFDGQG97D63WSZ9MAPR,2023-08-14,13861,2024,$140027.83
HYGP9WFY822FH88X17HM7X1S,2024-04-14,4202,2023,$183852.07
HYGP9WG0ZNFMC3H8N3FJJ1DW,2023-05-14,15538,2024,0
HYGP9WG2ANW9GSDAEWX9TJW4,2023-05-10,42436,2023,$38996.38
HYGP9WG4B8K85H9KBJ6588V7,2023-10-01,22537,2024,$13759.02
HYGP9WG7WH9P5W6AS7VVG5KJ,2023-09-21,0,2023,$213127.36
HYGP9WG9NPA4TGX98YD2V88K,2023-07-25,73982,2023,$11813.39
HYGP9WGBJBTKR292KRCSRS35,2024-02-03,57800,2024,$94568.24
HYGP9WGDG1Y47AWVMWK52YK6,2023-10-09,71008,2024,$206477.47
HYGP9WGFYV1CYK57VD12YMJT,2023-10-08,49516,2023,0
HYGP9WGH5NV1KBCW94484N1H,2023-10-30,17858,2023,$97839.49
HYGP9WGK011WH25AXKFF5ZW8,2023-09-03,14252,2024,$135402.59
HYGP9WGNM4541Z77T17BBQJY,2024-02-28,57104,2024,$229077.91
HYGP9WGQ7FQESWM72MFBKGJ5,2023-08-15,75451,2023,$156056.62
HYGP9WGS5SCQ6SK4EDKB3E03,2024-04-24,0,2024,$119199.24
HYGP9WGVWDXRFHMGQYAZ1G8F,2024-01-30,70416,2024,$17780.48
HYGP9WGX5331A8Q6K3607A3M,2023-05-26,25792,2024,$104553.28
HYGP9WGZSSHNB0GNHNZ5Y50T,2024-04-14,0,2024,$109025.54
HYGP9WH1VTVYE29HYH0YRDGY,2024-03-09,98574,2023,$49979.72
HYGP9WH39CZDF8K4F5BEERWG,2024-02-18,66544,2023,$214426.17
HYGP9WH5AJCRMATW7143KHJH,2024-01-22,58898,2024,$233496.56
HYGP9WH78AKZG31ASGHJHWS4,2024-01-31,88986,2023,$246210.37
HYGP9WH9MXHE3XP8VWQ60B3W,2023-12-17,0,2024,$96070.88
HYGP9WHBVAYHD94ZBQE9D4AT,2023-08-20,9768,2024,$74243.86
HYGP9WHDZHJ0BANZQ6FE7104,2023-08-21,0,2023,$11026.40
HYGP9WHFCNTABT9P3X57E9XG,2024-01-19,0,2023,$100346.00
HYGP9WHHV6HQ9ZV9WA4DJYDY,2023-08-27,20477,2023,$270706.40
HYGP9WHK4AJ90TN8RY9WZV0Q,2023-05-10,77886,2024,$74829.32
HYGP9WHNRJGZJ9XMFKTZMYYP,2023-09-29,22087,2024,$105748.91
HYGP9WHQ52VN57M7SZGMEHJ9,2024-02-12,94648,2023,0
HYGP9WHSMCFY0679KCBNK3FP,2024-03-31,95815,2023,$117491.34
HYGP9WHVBAKGQV8BPQX1M5P0,2023-11-27,82753,2023,0
HYGP9WHX6ZCB6V6QEMFWF7SQ,2023-06-13,61139,2023,$147569.65
HYGP9WHZ06MRQCHXGK02FQZG,2023-05-06,27361,2024,$109493.09
HYGP9WJ13X5YR522KKEE7R66,2023-08-01,40287,2023,$8782.84
HYGP9WJ3P9R6RX44165J0MXX,2023-12-21,45981,2023,$261204.32
HYGP9WJ5FRH3DTWXEJ5KQWTD,2023-06-14,3478,2024,$16751.78
HYGP9WJ7X3XT63TQM6HVSYKF,2024-04-30,81575,2024,$75812.37
HYGP9WJ9TZN79ZKXF5XVM4HR,2023-08-22,33731,2023,$183374.34
HYGP9WJBJKHKEJKWMYEC51Z4,2024-02-06,53794,2023,$95036.08
HYGP9WJE7VP1BG5F6YDJEDJH,2023-06-16,27373,2023,$111027.71
HYGP9WJGYPZY85NFR5KAW819,2023-10-31,76560,2024,$178094.66
HYGP9WJJ73HSPKGFA19FDTSH,2023-09-02,65226,2023,0
HYGP9WJMEVZ8VQPVDXDQ59F8,2023-08-04,5243,2023,$59545.22
HYGP9WJPRH4BR0F3TN4JBQ15,2023-08-02,44188,2023,$218588.38
HYGP9WJR8MRJVWNTC0GYQE03,2023-11-16,83824,2023,$53608.83
HYGP9WJTYTD9WPAEJNMTXWFN,2023-11-29,0,2024,$44949.88
HYGP9WJW9B8R579JJ41SYHZ4,2023-08-24,59004,2024,$116540.62
HYGP9WJYNMSN7GVH4CKYT3MW,2023-08-24,65209,2023,$199467.58
HYGP9WK0GX19GS3W3QTW8BGT,2024-03-28,67042,2023,$185949.71
HYGP9WK2X07WP1WHGKJNZBGJ,2024-01-04,0,2023,$16513.76
HYGP9WK4G8ZVP3PH7XRJF6M8,2023-05-30,0,2024,$149097.92
HYGP9WK6XSS3PA3EFAD1MQ6H,2023-11-15,23744,2024,$45582.87
HYGP9WK8SA5GV9J8JY91DPZR,2023-06-23,73302,2024,0
HYGP9WKATJJ5HV4P2K7E02HS,2023-12-03,23740,2023,$61888.90
HYGP9WKC4GHY0AQ0BKSY13Q6,2023-12-26,0,2024,$28382.58
HYGP9WKETK13BGEJV27B77WD,2024-03-22,81669,2024,$197595.52
HYGP9WKGK2FZS0ZBGBF5MRYZ,2023-07-21,39629,2024,$152183.35
HYGP9WKJSZVJ5HBJHWDSHA62,2023-11-03,3387,2023,0
HYGP9WKMD3DRGRMMSSQM9H8G,2024-03-02,9577,2024,$60489.88
HYGP9WKPD7B5GEMTS4MYVGG7,2024-04-15,1506,2024,$97602.00
HYGP9WKRC8CD4V7VXCDH22SQ,2023-10-05,7173,2023,$97573.04
HYGP9WKTS86R93T074HCXKFD,2023-06-10,98992,2023,$286342.70
HYGP9WKW8HX49YMF7HRDJDNX,2023-12-14,5497,2023,$227325.00
HYGP9WKYJNPTZ6J1TYNQQG8V,2023-10-30,9659,2024,0
HYGP9WM0REZ956J3GD8JN5F4,2024-03-12,7647,2023,$194665.85
HYGP9WM2BWEH6ETYRESGPN6E,2023-12-28,93033,2024,$210640.23
HYGP9WM4Y5TRXJB277HDKSN8,2023-07-07,79658,2023,$257730.60
HYGP9WM7HKJS7EFGNW8GG2NT,2023-05-08,22548,2023,$117541.21
HYGP9WM9R5HYTK73NGE2CNKQ,2023-11-20,33003,2024,$73511.43
HYGP9WMBB4QED3YTHHKAW5KG,2024-02-07,11220,2023,$220058.52
HYGP9WMDSEDDD6ZZTM5FHWQ6,2023-06-19,43211,2023,$156534.27
HYGP9WMFCTA2Z0XWEDSVQG57,2024-03-09,72506,2024,$62516.67
HYGP9WMHFECXGEZDKRFM4DQQ,2023-10-14,64162,2023,$11224.45
HYGP9WMKT2FSXMX3AXZA131P,2024-01-20,81232,2024,$80935.41
HYGP9WMN6MARTHMA84DACCQS,2024-04-08,34352,2024,0
HYGP9WMQ06F4HNFK1RKD42J4,2023-07-04,29856,2024,$213835.28
HYGP9WMS694FZTRPK4TH7YAT,2024-01-01,54808,2023,$193845.21
HYGP9WMVY4CRKZC8EWZXTFMK,2023-09-12,5551,2024,$91943.38
HYGP9WMX8NKRSVR3MAWMY6RH,2023-08-01,57920,2024,$33992.86
HYGP9WMZ63E9BV3PCDKBX72V,2023-09-15,16173,2024,0
HYGP9WN184NTJP5FD3W1Y1K6,2023-05-18,99310,2023,$298059.53
HYGP9WN36TX7ENB37V7VBE20,2023-12-14,10704,2023,$30972.85
HYGP9WN5T1T8BME5DZ5V32Z5,2024-03-01,11282,2024,0
HYGP9WN7RET7JWESEB4YW4TC,2023-09-02,51153,2024,$106084.34
HYGP9WN9YCE9TEG2805CEMY1,2024-03-18,41986,2024,$90619.51
HYGP9WNBJ4XVNNDA58YPJF8H,2024-01-06,70374,2023,$238545.82
HYGP9WNDVAA6GSC1X33B39BJ,2023-08-07,34209,2024,$70550.63
HYGP9WNF1EN1DM7BP825W586,2023-12-06,75865,2024,$170382.23
HYGP9WNH5HTYSY9X32AH948R,2023-12-12,0,2024,$45177.30
HYGP9WNKK0S4FVK66NREXCHX,2024-04-17,55038,2024,$75618.76
HYGP9WNNKAS7XYW3K14A3FVA,2023-07-22,74743,2023,$226448.45
HYGP9WNQMDXZVY84Z5ZDQSDH,2024-03-28,69552,2024,$195301.55
HYGP9WNSRYVRTAQXHNH2NAPJ,2023-10-02,72459,2024,0
HYGP9WNVQRXQE7X1Z64F450E,2024-03-17,15497,2024,$167752.04
HYGP9WNX262MREBQF07GN5JR,2023-12-16,48261,2023,$185071.14
HYGP9WNZKB7T8ZTXQ04RK6AD,2023-08-04,18077,2023,$296781.25
HYGP9WP1RR45Y9PRBPZANZAZ,2024-03-13,89578,2023,0
HYGP9WP3K0CDAGNK6V322RSC,2023-07-16,39164,2023,$107114.65
HYGP9WP58JGHHGXQ6VQGP0WG,2023-06-15,5294,2023,$164480.16
HYGP9WP7CED1ZCGQTF2NSFQY,2023-12-31,0,2024,$118430.60
HYGP9WP9GPBKM458XW2QS80M,2024-03-07,70813,2023,$151130.54
HYGP9WPBYCSEPYFSJQSVCJ61,2024-04-24,11103,2024,$235378.28
HYGP9WPD9QYXCR553RPMMG1C,2023-11-14,1439,2023,$206652.72
HYGP9WPFH6B2KR0Y0S6YNWJC,2023-10-07,91862,2023,$256881.88
HYGP9WPH984JX614A4BZ7JSA,2023-12-22,71991,2023,$110850.64
HYGP9WPK6RQ9NK341J51QMM0,2024-03-06,0,2023,$51032.84
HYGP9WPNMP5RHBVF211RAREJ,2024-04-01,52717,2024,$195190.41
HYGP9WPQ00PZNK1WCA2SMNVK,2024-03-19,91687,2024,$271823.26
HYGP9WPT6ZGT2A6VE39ZZAMC,2023-09-05,92166,2024,$9889.37
HYGP9WPW4DAB9ESWB9VRSVSR,2024-01-13,74878,2023,$45785.88
HYGP9WPY7YRGCFRK6JMCHHZZ,2023-05-30,2739,2023,$54464.59
HYGP9WQ02MHC00ZR0YEVZF7S,2024-03-06,26997,2024,0
HYGP9WQ23A4WFWF4R5AJDY1R,2023-08-04,13725,2023,$224488.13
HYGP9WQ4MJ5S6FNC8YF6FC4C,2024-03-21,80424,2023,$192733.41
HYGP9WQ691PY09KYF0VT137N,2023-07-21,26626,2024,$28147.40
HYGP9WQ9R3TYVDX2CRXKC8K8,2023-05-26,13879,2024,$270333.13
HYGP9WQBH09C947G38XJQ1T3,2024-04-15,82405,2024,$110947.34
HYGP9WQD331RYVGHCWRZFA2E,2023-05-24,87563,2023,$66548.22
HYGP9WQFHE283P3QEX10TV3D,2024-02-13,0,2024,0
HYGP9WQHY84KPJ8644Q6PQC7,2023-12-28,6850,2023,$260028.05
HYGP9WQKFM3E7966K1GW0PM7,2023-11-04,56823,2024,$138311.45
HYGP9WQNJACA4RDQ1JFFAP55,2023-12-17,97241,2024,0
HYGP9WQQMXSNYJ5MS34W2TQ4,2023-06-07,64569,2024,$126296.44
HYGP9WQSD01TBG316P4VG4SJ,2023-10-24,87077,2024,$219267.39
HYGP9WQW7HXF7MTTF37E8KNG,2023-08-04,98362,2024,$283397.99
HYGP9WQYXQTGBG7RBQ2DH0RE,2023-07-05,65420,2024,0
HYGP9WR0ZH0WZ6J6VEPQYJEY,2023-10-12,23253,2024,$267598.69
HYGP9WR2JWEQXWH7DN2R0CBK,2023-08-14,79393,2024,$160889.68
HYGP9WR489JCE0RV0DG3ATH9,2023-07-30,38344,2023,$245711.89
HYGP9WR618Q8XFJDQC0BY3P4,2023-08-20,32088,2024,0
HYGP9WR876BCAFHK20HHJA06,2023-06-27,96155,2023,$262626.43
HYGP9WRA8JKSHAQANNGPQWZ1,2023-11-13,3818,2023,$54942.84
HYGP9WRCZ52B8A2GTCF78WX0,2024-03-10,60383,2024,$188549.83
HYGP9WREA5DJ88199VGQA10Z,2023-06-27,56124,2023,$186010.97
HYGP9WRHGWSJ5QBZE5XWCABW,2023-07-23,37981,2024,$90315.52
HYGP9WRKSEYG5F4P3Y4H0G1Z,2023-07-24,13802,2023,0
HYGP9WRNQ992G9V1VY78KB06,2023-09-14,60729,2023,0
HYGP9WRPV2V2ATSB88MH4DPF,2024-04-06,31173,2023,$255686.26
HYGP9WRR6568A3ZFCFMVW26R,2024-02-09,71681,2023,$261314.17
HYGP9WRT2RKEANMDK8158SAJ,2024-01-08,4325,2024,$88218.36
HYGP9WRXCBZN8WGJ627GKD76,2023-09-24,0,2024,$220965.68
HYGP9WRYH7TKPSPTX4J84M22,2023-10-13,39408,2024,$37849.83
HYGP9WS13AWDK2N8BV8F1XAX,2024-03-21,41395,2023,$188811.98
HYGP9WS3K0E4EJ262HH9YGQK,2024-02-06,95979,2024,$256726.61
HYGP9WS59RP8QPZA2VDA28MH,2023-09-17,41115,2024,$235020.67
HYGP9WS74H3JHFJPJKBEX49C,2024-03-25,18688,2024,0
HYGP9WS90HCDFYZWWWD71FSX,2024-03-22,76660,2023,$279406.83
HYGP9WSBWDX853966YH9Q6BN,2023-05-08,82070,2024,0
HYGP9WSDVTRC1TS392GPKYQF,2024-03-22,20635,2024,$116246.98
HYGP9WSFZT0JZA3ZENMKFV78,2024-03-04,0,2024,$209470.90
HYGP9WSHPPN3JMFM3CZD2YHN,2024-04-01,0,2023,$127644.68
HYGP9WSJREXJ9GTFEGJM41BZ,2023-06-18,17255,2023,$36984.58
HYGP9WSNG5YNA6JZM4CXQS7S,2023-07-05,87436,2024,0
HYGP9WSPQ9HXC9SZ6JPP1RVS,2024-03-11,54157,2023,$185010.69
HYGP9WSR1RX4WJ9WMRY64A96,2024-04-21,60098,2024,$272155.30
HYGP9WSVFREDQNYGWWCNSVDM,2024-03-05,58991,2024,$41293.14
HYGP9WSXHXJNWN40CB6SGHFA,2023-05-05,0,2024,$218772.79
HYGP9WSZ9XKPWF8H3CV7HMBS,2023-08-20,0,2024,$194035.35
HYGP9WT1N5M1R67W69NQ28P5,2023-06-04,29763,2024,$37992.09
HYGP9WT35FV5T6N22317RA73,2023-05-26,80394,2023,$168278.90
HYGP9WT5DJVC3S67DJ0NYGK5,2023-12-28,55987,2024,$246204.99
HYGP9WT74KY5722FQWF3V5CG,2023-10-16,58898,2024,$84440.83
HYGP9WT9G0H7PXJVNF7RZDKA,2023-10-23,65978,2024,$190082.47
HYGP9WTC1EV16WG2KMKZJ5Z4,2024-03-12,63426,2024,$60068.16
HYGP9WTEX3JPXSMHNX00W6J1,2023-06-08,20302,2023,0
HYGP9WTGXPKB1RZ0XE7KRZAE,2023-12-05,24867,2024,$162602.88
HYGP9WTJHMJ3Q9KWKE3F36JM,2024-04-05,30124,2023,$7126.05
HYGP9WTN84VPD5W8FFY70YXA,2024-01-28,86246,2023,$70554.80
HYGP9WTQCH3DKZ5KWNFVPK1W,2024-04-27,27174,2024,0
HYGP9WTSF4B4KP160FC2PV7Z,2023-11-17,97921,2024,$209083.88
HYGP9WTV40VRBQ6TSWKPCB54,2023-07-27,25219,2023,$180599.78
HYGP9WTXYAC4W0NDY1VSFYSQ,2023-08-17,90301,2023,$140128.58
HYGP9WV0VJA8HQEPQPBHBK4Z,2023-07-12,83776,2024,0
HYGP9WV11K1GPKWAEY348T90,2023-06-08,5043,2023,$215182.40
HYGP9WV3GPY9063H77WC9H4A,2023-05-05,75200,2024,0
HYGP9WV65PDM55MS1PER67H7,2023-12-03,37082,2023,$278122.34
HYGP9WV8587XC5Y3T9QAKJCH,2024-04-08,69391,2023,$266843.43
HYGP9WVAXPRZX44WE8W4PXZK,2024-01-06,81804,2024,$76077.24
HYGP9WVC2WMGAQEAS86PFEB0,2024-02-15,56781,2023,$100816.25
HYGP9WVEQD1NRKMVDW7FBSCB,2023-07-06,46359,2023,$122472.66
HYGP9WVG1K54R6MYSX1KRPN7,2024-01-20,0,2024,0
HYGP9WVJG5T5ZHR3P64TJ1GT,2023-09-03,11570,2023,$240446.28
HYGP9WVMSFH302V56CNHP3ZP,2023-07-05,17443,2023,$90786.46
HYGP9WVP8YZW2W2XS1XPZB45,2023-06-23,15357,2024,$209998.79
HYGP9WVREXMY2BN8YZBRM2PZ,2023-12-01,3464,2023,$129083.32
HYGP9WVV15W3WGFNS0PXRH6H,2023-07-12,78209,2024,$232853.60
HYGP9WVXE8B5CZSD77AR9DEJ,2024-02-03,40286,2024,$196822.20
HYGP9WVZKKF69YG8BD7YEXEG,2023-10-11,0,2024,$77556.17
HYGP9WW1JGX9EZYR9747KRZR,2023-12-26,44984,2024,0
HYGP9WW3NZA714KYSA19Z4W5,2024-03-05,44806,2023,$196917.25
HYGP9WW5BAGJT05P0E6CM8JK,2024-03-18,70166,2024,$42140.91
HYGP9WW76E5DTZJQA3G4BKGT,2024-03-12,36042,2024,$239354.27
HYGP9WWAYCJS5KJPE5PS4WRT,2023-07-14,5983,2023,$229032.88
HYGP9WWCHQPSGFD9JNN32CS0,2023-11-29,30495,2024,$197632.13
HYGP9WWEFV64448ACQXYXSSK,2023-05-10,65432,2024,$6401.48
HYGP9WWG9K96M1MRF194KJ4W,2024-04-03,70952,2024,$282331.70
HYGP9WWJZ4MEMCQR8GGQM6N7,2024-01-07,59906,2024,$289758.02
HYGP9WWNR66BWDG0RSTJW53N,2023-07-29,48785,2023,$155423.98
HYGP9WWPVFKPFW2Q47F7J48F,2024-01-22,64181,2023,0
HYGP9WWQ6W7YRVB4Q3ENJTR3,2023-12-10,45906,2024,$280502.81
HYGP9WWTEE48H5JRWCF4XBBY,2024-03-24,33043,2023,$58024.45
HYGP9WWXPG3G1M6PAKSMWMG1,2023-06-01,17924,2024,$134680.36
HYGP9WWZX3B7NS4EJW3WWMMX,2024-01-12,67173,2023,$259317.94
HYGP9WX14Y7V6JG78DWNWVD2,2023-06-08,69891,2023,$1917.34
HYGP9WX3PED7FFN75GWD3JG3,2024-01-20,83586,2023,$87788.68
HYGP9WX50ZWMQFT4RPC7H1DY,2023-06-27,91142,2024,0
HYGP9WX6SVVE1FE5EJK7P3AW,2023-07-26,53099,2023,$140370.91
HYGP9WX9N7CGB41ZV405TZNR,2024-03-18,50431,2024,$41322.00
HYGP9WXAJQN6V0RCSR8RPAEG,2023-07-15,63443,2023,$18675.26
HYGP9WXC4ZJZSHWBPCMK7V7D,2023-09-21,35034,2023,$215098.09
HYGP9WXFDS732EJNCXB6AE2X,2024-02-01,81635,2023,$208265.68
HYGP9WXJT5ZFHGXMW26S321G,2024-04-28,99378,2024,$145774.50
HYGP9WXNX0PCPC0DYS9YX0HC,2023-05-12,69478,2024,0
HYGP9WXRW8FRHCRN90WB17TZ,2024-04-16,35798,2023,$230174.50
HYGP9WXT7NGT1GTJM5W5TH6Z,2023-09-20,4643,2023,$142884.51
HYGP9WXW8RYY8GV4XX85RR8P,2024-01-15,63977,2024,$208145.10
HYGP9WXZ4ZF0D9SXX9CR73MD,2023-08-28,15983,2023,$28301.89
HYGP9WY1GERH99G178P1316T,2023-09-19,88193,2023,$288406.91
HYGP9WY3BZTQ9QJQ53J07W3B,2023-09-14,22742,2024,$9184.92
HYGP9WY5J458XJYA84540JX3,2023-05-12,0,2024,$204989.54
HYGP9WY9WBNXPBVW4BVFM119,2024-02-10,1056,2024,$137047.77
HYGP9WYB3MSNDFDAYYVCCEJ2,2024-02-11,40619,2024,$92069.87
HYGP9WYEN4PY1K3C78BKKCFC,2023-12-25,94759,2023,$162282.52
HYGP9WYH0FHR1P1D8GDYR0TA,2024-04-30,84017,2023,$201793.16
HYGP9WYMM7AJ8GBXJWN6ECD3,2023-11-01,0,2023,$281375.12
HYGP9WYNGK21Y18VZ8T46SX2,2024-02-06,54707,2024,$141065.18
HYGP9WYRAJK7BJ4EY4EEXZWX,2023-06-11,22359,2024,$46948.24
HYGP9WYTNQGDCHKYQXYD0CQT,2023-11-30,43876,2023,$194062.97
HYGP9WYW919NSGX3CKVD3818,2023-06-01,71538,2024,$1112.28
HYGP9WYZE1A7J7MA19JM1M07,2024-02-12,65831,2023,0
HYGP9WZ2RR335R4Y7DKS84WP,2023-08-08,0,2023,$110536.94
HYGP9WZ4QJ21AJQHY1AZ1AVZ,2023-09-19,0,2023,$165862.86
HYGP9WZ7N3W1FEMC7WG4BYPV,2024-03-19,49821,2024,$15864.85
HYGP9WZAZ9G5W8G5094JGVCX,2024-01-28,83130,2024,0
HYGP9WZDPKN1Q4QD95EPGBWG,2023-09-14,6229,2023,$252395.15
HYGP9WZFJC9W7DP6WV61RCTC,2023-10-31,11896,2024,$265727.94
HYGP9WZHC7Q2VP1T7HNKTAFH,2023-12-27,32465,2024,$18939.96
HYGP9WZJE45JXQXXC4MZP7H1,2024-04-17,46472,2024,$23197.61
HYGP9WZM1C4VZ6NWB5QGZY6F,2024-02-04,845,2023,$40090.51
HYGP9WZNYA01SECMKP7C9S8S,2023-09-07,10040,2024,$169004.75
HYGP9WZQTT8WG08R94J2P0MK,2024-03-01,22389,2024,$21811.11
HYGP9WZRA4X8VNCXSP6VHSVM,2023-11-14,78524,2024,$228851.10
HYGP9WZTGR85V7HHFTM7XZW9,2023-09-04,0,2024,$76631.94
HYGP9WZVFSRWD88MYRVVZ19K,2023-05-16,99548,2024,$143996.99
HYGP9WZWDG7CNWK970TG5PZT,2023-10-20,50827,2023,$267797.37
HYGP9WZX7AQ25ZFDKYVE95E9,2023-10-10,2374,2023,$142536.31
HYGP9WZZPSFZHK667TNQQ85X,2023-06-12,4057,2024,$96239.33
HYGP9X00PGVVC5M6ZCAFZRQX,2023-12-30,30750,2023,$260763.22
HYGP9X02PXW1X94HWB807X46,2024-02-26,12936,2024,$107130.16
HYGP9X032SDG3AQZKNFX23YT,2023-10-26,86287,2024,$142506.24
HYGP9X04TF1RM893TWFZFYTF,2023-10-05,95444,2024,$72522.40
HYGP9X066KEG7MANZG5JP0ZZ,2023-05-08,89684,2024,$72053.28
HYGP9X079P823AXK1HVDYBJX,2024-01-21,16917,2023,$22443.10
HYGP9X0AAX7VVBHNX82MPSX1,2024-02-23,98582,2024,$283721.95
HYGP9X0BFCE8C93MFDHX7KSB,2023-06-23,63349,2024,$48728.97
HYGP9X0D2H8RPFASEPYGM0C0,2024-01-19,78878,2023,$221049.45
HYGP9X0GM0B97BCQXR04NCDW,2023-11-27,45140,2023,$68960.38
HYGP9X0JQQC3FQAW1K25RKJ5,2023-05-05,26625,2024,$149120.73
HYGP9X0MJAEG1XA1MNEGV3R7,2023-11-26,57505,2023,$130155.51
HYGP9X0NDNDWPP8EHGBAN4NP,2024-03-22,61323,2024,$233015.69
HYGP9X0PZ145RR1HWNRAM3M0,2023-10-25,0,2023,$184587.39
HYGP9X0RCX4GQ9DJBC8SF83X,2023-08-03,16769,2023,$275879.26
HYGP9X0WWVKXT5WV093EX2F8,2023-08-10,60069,2023,$208703.57
HYGP9X0Y7XNJJEH0DWA76SSX,2024-01-09,46555,2023,$127235.34
HYGP9X10Y1WQRCCCBKMRNATY,2023-12-15,24265,2024,0
HYGP9X13S61TEEW58T77RTG4,2023-10-19,0,2024,0
HYGP9X151G5V60QRVMGKT283,2024-02-04,3757,2023,$271399.00
HYGP9X16EDJV7DCEHYR60RG0,2024-03-30,46392,2023,$82146.30
HYGP9X184BF8V4KNQE956AKW,2024-03-25,44681,2023,$273600.13
HYGP9X19YYVBATN6Z2AFRBGZ,2023-07-27,51899,2024,$225978.77
HYGP9X1AWCJQQ1KY9MFJGXM3,2023-11-03,449,2023,$169816.84
HYGP9X1C6KNAS8ZBD55JV4FV,2023-12-26,95522,2024,$182782.12
HYGP9X1D52GKG4KF9N235BZ8,2023-09-07,89301,2024,$28744.64
HYGP9X1ER3WX4VZZW82Z1QNR,2023-06-01,86172,2024,$200340.86
HYGP9X1F9P52SXX9Z7PW6B14,2023-10-09,85447,2024,$126576.83
HYGP9X1G8AW5WBPQ2CFX06M9,2023-10-30,12264,2024,$49819.42
HYGP9X1KJPD478WQ8T77ZW5F,2024-04-16,50482,2023,$146986.99
HYGP9X1PNST89X505JJFM63X,2023-10-11,11084,2024,$269260.48
HYGP9X1STJSG7K14BRC0G5Q5,2023-11-12,58203,2023,0
HYGP9X1W3NC7JCY78S4ZNHGQ,2023-11-17,7995,2023,$176308.69
HYGP9X1ZJABN8STP1KGE4B72,2023-10-12,76692,2023,$76934.06
HYGP9X2221Y83M4JTR7E08A1,2023-05-26,2722,2023,$217196.92
HYGP9X255H8311ZFQNX071V6,2024-04-26,20811,2024,$178038.14
HYGP9X28S1GEZFAQRQJQJ4BR,2023-11-30,78181,2024,$235805.95
HYGP9X2AK8977RE5PA42BNDK,2023-10-08,29203,2024,$72629.86
HYGP9X2CMYXD75T6GN2CCHM8,2024-03-20,68362,2023,0
HYGP9X2DQGY40P94B4X32TDR,2023-05-12,14561,2023,$221724.95
HYGP9X2EHHKYD1DE15XF2XR4,2023-07-07,81200,2024,$16221.35
HYGP9X2G5CDJK2E24SJ3S4RR,2023-07-09,54550,2023,$84937.24
HYGP9X2H4KSH39SKNNZCPG23,2023-08-17,0,2024,$144385.01
HYGP9X2JMWX7ZCGH37MX7F22,2024-01-16,95468,2023,$4341.42
HYGP9X2KQMB445EDZ3237R9R,2023-11-25,25723,2023,$181082.74
HYGP9X2M7STWSZHRJH2Y9KCC,2023-10-01,80766,2024,$16102.82
HYGP9X2PXGYD8W7CFWEHJK4T,2023-10-30,0,2023,$169156.08
HYGP9X2QPA2F00D5532A6S00,2023-07-23,88194,2024,$44204.52
HYGP9X2SHXVXA8RYYJVWFNES,2024-01-06,97325,2023,$120678.91
HYGP9X2THJYHMQQSNHHF99E5,2023-11-22,0,2023,0
HYGP9X2V8E6J2K4DTTGYNRR3,2023-10-27,75773,2024,$270581.20
HYGP9X2XVJ9AZQ30N03CFEQJ,2023-05-12,26125,2024,$81159.26
HYGP9X2Z4E4Z331M8HHNTTY0,2023-12-31,79511,2023,0
HYGP9X32Q3ZDA7JJQEMW7Q40,2024-02-19,76454,2024,$127058.14
HYGP9X35NN30WS7TTQWJVTT3,2023-05-06,9894,2024,$22377.09
HYGP9X38WY9B03PVMCTS30Y1,2023-12-18,61413,2023,$250879.96
HYGP9X39TCQDYY5A1QM3G1K3,2024-02-03,4454,2023,0
HYGP9X3AN32CFR7D6WM5467D,2024-02-02,78511,2023,$127854.63
HYGP9X3BGC9FVNTDYF4TG264,2023-07-25,0,2023,$3124.29
HYGP9X3CNDMAN6T1GTRYT3JG,2023-06-27,20401,2024,$163492.56
HYGP9X3DYRAPZQG887XSEXAS,2023-09-20,38726,2024,$34078.06
HYGP9X3FXRS05JVGCC3VGV2F,2024-03-06,50566,2024,$131312.17
HYGP9X3GN4YFQMEYRHYE842S,2023-08-04,45963,2023,$127419.06
HYGP9X3H5MZWM7KX7N5XVA3W,2023-11-30,82789,2023,$177708.41
HYGP9X3JFZY7YP24FV2R5ZBZ,2024-01-28,41725,2024,0
HYGP9X3K9YXER4BMER3EZZGF,2024-04-23,4167,2023,$89556.94
HYGP9X3NWG271HEW2DRCXJM5,2024-01-07,67513,2024,$136197.55
HYGP9X3PKJ2Q0HTD83C2PEJG,2023-11-04,63926,2023,$118897.66
HYGP9X3QR5AEGYDV7SVJGHX5,2024-03-24,80110,2024,$288989.13
HYGP9X3TGV0TMQNBME01Q867,2024-04-15,88755,2023,$154659.03
HYGP9X3W6M77J7RHDRB357PN,2023-07-06,11406,2024,$172124.82
HYGP9X3YJJ2F4VAJTMBQZE07,2023-05-12,41951,2024,$43970.98
HYGP9X3ZR9B7RDPJA4BK1ATZ,2024-04-17,55363,2023,$17664.12
HYGP9X40S83R929DQ6YXX6R7,2023-09-27,13350,2024,$121421.94
HYGP9X42M4TMAM3495YA1XZK,2024-01-16,61042,2024,$231372.33
HYGP9X45HK6XGQM8HQ2F4WEV,2023-08-14,59968,2023,$279701.72
HYGP9X46RCPQBRSE5HVNRPNZ,2024-01-27,89060,2024,$102003.91
HYGP9X47CH6N94J6QH7DH219,2023-07-26,5202,2023,$4157.40
HYGP9X4AMD76PWTHE46TDXFW,2023-11-11,71103,2024,$128958.13
HYGP9X4DZTAM7E21CCFHZN51,2024-01-21,41833,2023,$75412.47
HYGP9X4GKP9V3V2XDMHQWYCJ,2023-12-17,54900,2024,$130783.76
HYGP9X4K0512W16NNHREXQNN,2024-04-15,37886,2023,$42035.13
HYGP9X4NSH5897X5TFE88EYP,2024-03-09,87581,2023,0
HYGP9X4PVR900M3T4XW80XX7,2024-04-08,0,2023,$89246.45
HYGP9X4SXH5E4G7E7BK11SK0,2023-08-01,17573,2024,$44133.55
HYGP9X4WHJWZX18973BJEH7Q,2024-02-16,44008,2024,$7629.49
HYGP9X4YBXDPGV9NMK0AEVCH,2024-03-08,98062,2023,$145823.60
HYGP9X513YA66E0DER3P0PTP,2024-04-26,84369,2023,$229085.75
HYGP9X6Z7V1M159R5RWS0HB5,2023-11-09,72832,2023,$59298.87
HYGP9X737XGJD64AYK96QYZP,2023-10-09,17873,2023,0
HYGP9X756WEZG8EAC6TM5D2A,2024-03-19,76733,2024,$128362.99
HYGP9X79HHTA0Z3GA6QPASBQ,2023-09-26,21809,2023,$299047.58
HYGP9X7AB2BQB72YTZ1Y7DHX,2023-05-25,0,2024,$229108.24
HYGP9X7D7XW3147YRRK5EREM,2023-06-27,14277,2024,$133370.61
HYGP9X7HP4J8TW6V2D1ZM792,2023-05-09,80325,2024,$247590.65
HYGP9X7MG4RT7JMCTYENY2AD,2023-08-27,10979,2024,$118117.47
HYGP9X7QFQN16Q5VK7C3M1WP,2024-01-26,63235,2024,$170209.16
HYGP9X7TD4VWY872RQ870TH5,2023-08-31,37402,2023,$224109.63
HYGP9X7XQGQ5E6BE31K3HN6Z,2023-09-22,78782,2023,$165472.38
HYGP9X80NJB1AZCX42WJ39PV,2023-08-28,92346,2023,$7136.56
HYGP9X84KKDD2XTPWEX495NZ,2023-12-12,90077,2024,0
HYGP9X86WAXBP9XVZBHYB3E5,2024-02-14,21414,2023,$116201.21
HYGP9X8A36G1JGC67EB6K2ES,2023-09-22,52043,2024,$53696.52
HYGP9X8DFHBJ1V0G7FZMAJ2D,2023-12-21,46223,2023,$151157.97
HYGP9X8G9VMZ2AQYP9A86M8G,2024-01-22,4957,2024,$8579.63
HYGP9X8K4KB7SXNW4T9PA4SZ,2023-06-27,81565,2024,$113251.87
HYGP9X8P9AZXARSDNVDEYVN4,2023-07-04,0,2024,0
HYGP9X8SRYX2K4Y3JNFGC8B0,2023-08-25,0,2024,$158565.37
HYGP9X8W4S52F4C7RTCE396F,2023-05-12,64099,2024,$131261.28
HYGP9X8ZF69BXWQC20TGA7RP,2023-06-14,10851,2023,$247809.30
HYGP9X92C1YY4XB4WVYWNBR7,2023-07-25,87651,2024,$243567.52
HYGP9X96EPQYKHB209921MCV,2023-08-03,96882,2023,$228712.33
HYGP9X99SMMKH7K0BC1ACVVX,2023-10-16,33701,2024,$145647.88
HYGP9X9CVXS62MHZPZ0KPQ0B,2024-04-28,0,2023,$110966.54
HYGP9X9F4QW5HRDZ2JHQY3FP,2024-02-22,20686,2023,$10651.13
HYGP9X9JJR185XT3CVRSV9NP,2023-10-31,55194,2023,$141582.18
HYGP9X9MAQXD57186XKWK5A4,2023-08-19,41233,2024,$226041.16
HYGP9X9PFT9FE8J9MK0BDSZK,2024-04-08,0,2023,$11689.55
HYGP9X9Q7ZQEZC8R0DB6C2AB,2024-04-19,0,2024,$265420.97
HYGP9X9VB1MFYQXSZGWPF07R,2024-02-02,70270,2024,$200367.38
HYGP9X9Y895ZCZBM8HSXAAJG,2023-11-18,71289,2023,$297346.47
HYGP9XA19CKAFAV40GYK6X4A,2024-01-02,58038,2024,$8321.46
HYGP9XA4NKDQP33ZNC24PFNF,2023-09-22,24734,2024,$173838.72
HYGP9XA89F0M0V5K86VETCNP,2023-10-12,90658,2023,$269912.24
HYGP9XABT4F6W7DJSR891TTT,2024-04-08,44490,2023,$182768.36
HYGP9XAEKGHDTAZQFP6RJPB0,2024-02-08,50327,2024,$154487.54
HYGP9XAFHG2SJMBYKTPQEDWG,2023-11-11,95511,2023,0
HYGP9XAG18GD6DXWKEGM8GPQ,2023-12-04,7639,2024,0
HYGP9XAJSAK67XWTRP52EWTG,2023-09-23,39421,2023,$100601.21
HYGP9XAN6MA1DC62TV53Y3ET,2023-07-17,38262,2023,$134856.28
HYGP9XAQV881K6W2Z0SYSS1K,2023-06-02,46026,2023,$292274.78
HYGP9XAT6HVT2HEWWT1VD56X,2024-01-24,76878,2024,$114695.71
HYGP9XAX6H0KWX0Q3W20DDT1,2023-10-23,57412,2023,$27575.82
HYGP9XB08Y9DBMQE3YZ7VSEH,2024-01-04,0,2024,0
HYGP9XB2Q10J98Q6DAE7BVTX,2023-05-03,12644,2024,$288381.22
HYGP9XB5YD2R7YY8YTHZE2PV,2023-08-11,36474,2024,$134876.43
HYGP9XB7603VYFEPBHSTAVQ1,2023-05-08,9548,2024,$268475.60
HYGP9XB9GCJRFBWF403WJNQP,2023-09-17,72983,2023,$258834.36
HYGP9XBBNBEK7VG1T5PEKH2Q,2023-07-29,9387,2024,$266136.45
HYGP9XBDW4B907FJB585N78T,2023-09-09,79445,2024,$223594.69
HYGP9XBG2SJYGA4W4W60WXRE,2023-08-25,3656,2023,$274338.17
HYGP9XBKZCNERRH5DZTTPQSA,2024-01-08,82347,2024,$294238.50
HYGP9XBNMZCQKCE4Y7VJB743,2023-08-30,0,2024,$238098.21
HYGP9XBQZ0R05WHZ4W3768P1,2024-01-16,74831,2024,$217936.87
HYGP9XBSEADMNZHBX72Q50CA,2024-04-05,97975,2023,$17139.35
HYGP9XBVNDYGVDJPB04C06XR,2024-01-05,0,2023,$22130.33
HYGP9XBXY37W4T7CG0A8BZQ3,2024-02-05,18164,2024,$83462.46
HYGP9XC03DJKT6H3QXQDKSEJ,2023-06-14,0,2023,$173011.74
HYGP9XC22SS382CS961ZN5RR,2024-04-24,62782,2023,$235429.78
HYGP9XC4S23Z8PMWKA166VQ5,2023-11-29,90242,2023,$125882.78
HYGP9XC65PFVMEET42HCG6F1,2024-02-06,50306,2023,$108818.71
HYGP9XC97W8R0PM8X9ECQY5H,2023-12-01,33470,2023,$198818.43
HYGP9XCBRPA6YASMRXV0FPV1,2023-11-26,70675,2024,$61693.20
HYGP9XCDSGV9FVHZ48MCY3ZK,2023-07-12,90633,2024,$151636.56
HYGP9XCECW1DGW53Q5GZF10Y,2023-09-23,1917,2024,$14672.88
HYGP9XCGNMP4KFQ0471FX83P,2023-11-25,0,2024,$206053.40
HYGP9XCHGWP3VX1ADMVR7R89,2023-09-05,70215,2024,$69042.60
HYGP9XCMKTZJH6BKMM8K1V9C,2023-05-09,59093,2023,$228252.05
HYGP9XCQC9ER26MPF1G1W5AX,2023-09-12,26008,2024,$140050.83
HYGP9XCTK2TD14F235FQFKZK,2024-01-14,31089,2023,$289410.61
HYGP9XCXTQFPJGK1Q9E7Y3JW,2024-03-11,55846,2023,$104815.80
HYGP9XD1HSH9QSQEHZT5TB10,2023-05-26,84888,2024,$249731.31
HYGP9XD4KQBRGYD4YW8AE476,2024-04-09,70511,2023,$4453.56
HYGP9XD7B1P799F1NX0HAXTN,2024-01-27,18259,2023,$295994.45
HYGP9XDB411S90SBQKC50MG8,2023-11-07,15013,2023,$270338.44
HYGP9XDE8K4H13TG08Z70G82,2023-05-03,41777,2023,$32396.33
HYGP9XDG91Q9RXG82K0WDWN8,2024-02-11,50026,2024,$134204.74
HYGP9XDMT4N62P10RZ5KMJ5N,2023-06-06,24980,2024,0
HYGP9XDPRDEKS02PS5EERJF2,2024-01-04,0,2024,$149182.59
HYGP9XDSY8NVB51VMNWCS2Z2,2023-05-13,0,2024,$122971.46
HYGP9XDVK719GX2PGR7WBY67,2024-04-19,89824,2024,$96805.49
HYGP9XDYM56S02D22T3BM53B,2023-07-21,41286,2023,$95249.27
HYGP9XE1255309GA2AH09SFC,2024-03-09,1795,2023,$259744.92
HYGP9XE411X7HEZM6N8NPMKN,2023-09-08,43878,2024,0
HYGP9XE77TDY2NJGPKDYRVKG,2024-02-10,84440,2024,$203926.48
HYGP9XEAM4DXKJQ3PEXMF3QV,2023-07-24,0,2024,$84792.49
HYGP9XEDTZE278RRWWJRK72Y,2023-06-05,0,2024,$191008.67
HYGP9XEGQ79DB86DV7GPFKQR,2024-04-26,77485,2023,$119446.20
HYGP9XEK9DMW8PGZHX27D7MJ,2023-05-27,98526,2024,$225988.19
HYGP9XEQZCH2G5AEC4CYZ0MA,2023-12-31,18287,2024,$48435.37
HYGP9XET9CN4H4CJ1PSMVNH1,2024-04-01,40943,2023,$189665.63
HYGP9XEX44RV8PRC01T85HJD,2023-09-22,24525,2024,0
HYGP9XF03R01SPVGJAQXZS9Q,2024-01-15,19652,2024,$165609.45
HYGP9XF29NMXAYXQHEXT3FDZ,2023-12-08,47421,2024,$186271.56
HYGP9XF367G4JVDAA2VB46F4,2024-03-18,49132,2024,$283981.36
HYGP9XF6DDJHXDY14R0KHS6A,2023-07-07,73725,2023,$60168.12
HYGP9XF8AEV778MJNGKVNNA0,2023-10-07,1447,2023,$214831.65
HYGP9XF93Z134XFCZQYY97RY,2023-07-24,0,2023,$71182.76
HYGP9XFADFJCXK0QA8Z5EYNT,2023-05-09,0,2023,$85925.57
HYGP9XFBQ6MNG8N00WJYWJY7,2024-02-14,70005,2024,$9522.61
HYGP9XFCBD6G56N50VXFV7FN,2024-03-23,61717,2024,$114607.69
HYGP9XFF9NCYQ834XP9YA92N,2024-01-02,8622,2023,$132617.88
HYGP9XFHBZNG8Z048ERYDH61,2023-05-12,27994,2024,$26290.53
HYGP9XFMMRV6XFHK0CDWW3T6,2023-09-17,82420,2024,$252384.66
HYGP9XFQRX8ZXMFWY2CR5FYT,2024-02-22,39721,2023,$166005.65
HYGP9XFTFJKNW2PE06HRZ0JB,2023-05-07,3196,2023,$222216.93
HYGP9XFXH5NSM7702XJSQDPB,2023-06-21,72269,2023,0
HYGP9XFZV58GXHJ5BS3FRW5P,2023-07-15,69380,2024,$21145.40
HYGP9XG167SX3MR2JVT7JYJN,2024-04-10,37288,2024,$193994.36
HYGP9XG4MWDP0Z614CTPVQEG,2023-12-28,0,2024,$136807.66
HYGP9XG7JGHMDY9F2CHZX5EY,2023-12-13,55491,2024,$233017.42
HYGP9XGAFB5E5VWMZ7K76M0V,2024-04-13,67360,2023,$243104.03
HYGP9XGDJ07PG9KJFVTQ4J9S,2023-10-07,68923,2023,$54381.37
HYGP9XGGB9Z592T58HY9N519,2023-09-08,5859,2023,$210577.14
HYGP9XGJ5EY9DAA11N5YM1FT,2023-12-23,67009,2023,$234679.36
HYGP9XGK02ZMTV01N67B02E7,2023-05-29,23898,2023,$249611.51
HYGP9XGM8WD679FXKCXRJM92,2023-11-23,90019,2024,$122309.98
HYGP9XGQ8XJZ9J0E3CHX2NHR,2023-09-27,41738,2024,$57929.92
HYGP9XGTM5YT22K9G2MGVFSW,2023-11-04,24928,2023,$112110.71
HYGP9XGXBDCEHSPP2H2YSNCS,2023-10-17,0,2024,$111399.82
HYGP9XGYK3VVP8BHP8PGW6PV,2023-10-19,73925,2024,$239153.02
HYGP9XH0VWJ9440HR57F1XMA,2024-01-17,29729,2023,$147667.41
HYGP9XH2JG241C9QVNH2XE3P,2024-01-16,143,2024,$60510.82
HYGP9XH4MSKX99KM31SCAACZ,2023-12-23,55948,2024,$296599.77
HYGP9XH6SJBTHKJZ5ZJQDNSM,2023-09-04,47060,2024,$154833.30
HYGP9XH9EYW94ZZSTEGKQQ2K,2024-02-16,90498,2023,$81111.54
HYGP9XHCKD4Q2XWK0QJY6TBH,2023-09-15,39907,2023,$31198.74
HYGP9XHG2G99VCYTWQM4PCG8,2023-07-30,0,2023,0
HYGP9XHJYN4B4VRGJPAGCWHT,2023-07-08,40788,2024,$154985.17
HYGP9XHPWSMARG3HG3CTZSB6,2024-04-17,68702,2024,0
HYGP9XHRSSC052JVB48CSH72,2023-06-09,59592,2024,0
HYGP9XHS0JS7KMYFJY7JQEH9,2024-04-21,5436,2024,$196783.33
HYGP9XHW9MK9H60NZ1Q0XEP4,2023-07-11,30132,2024,$66586.84
HYGP9XHYH6JVQJABFWA03RP1,2023-07-14,10416,2024,$18155.10
HYGP9XHZR96NXFK8S0YT9SZ5,2024-02-28,85134,2024,$113844.79
HYGP9XJ2HJD1SYPRYB3AGKZA,2023-12-18,16802,2023,$139009.12
HYGP9XJ37P44X74NE8DK17AM,2023-05-07,79652,2023,0
HYGP9XJ46AR3KVM147VSN2FV,2024-02-18,1635,2024,$272366.23
HYGP9XJ6CR2RJ21BHBA6HCNN,2023-05-01,52307,2023,$162651.58
HYGP9XJ8JYWMMSG5MFTBRT02,2024-03-11,18715,2024,$140875.20
HYGP9XJBETYZ8REN9H752AK1,2023-11-21,79175,2023,0
HYGP9XJEJ5H5CRB55H1VW8BG,2023-08-07,29042,2024,0
HYGP9XJHNBGZ0SXD0N6EFBPW,2024-01-22,0,2024,$256438.85
HYGP9XJMPWJ710BQH2C3EJPD,2023-05-20,0,2024,$255658.54
HYGP9XJQNNX611F0BEM1ZY5W,2024-03-16,93142,2024,$93760.31
HYGP9XJT8B8Z147AWVSCBT24,2024-03-29,7974,2024,$82692.65
HYGP9XJX3WV8NG3P8VWY6KV9,2023-05-13,73226,2024,$29334.54
HYGP9XK0QZWR5S9FKTJ3HZ2Y,2024-02-20,85046,2024,$143792.44
HYGP9XK3KJNKET9PRQHDX1Z5,2024-03-11,46618,2024,$131721.00
HYGP9XK6Q62MWFS7P78RDASX,2023-06-14,57445,2024,$36716.42
HYGP9XKAWE4WYFBM58DX0ESQ,2024-01-23,13495,2024,$78371.31
HYGP9XKC3M2X004RBBN3418E,2023-05-14,94063,2023,$20919.01
HYGP9XKEHP02TNNXD6XDM3S4,2024-01-11,57935,2024,$50006.86
HYGP9XKFM2JE07XY7SP4BQ91,2023-12-29,51636,2024,$276034.84
HYGP9XKHN78PN629TX0H317Q,2023-07-07,0,2023,$171108.37
HYGP9XKJC8D163EAC9XMQT69,2023-09-05,9619,2023,$232687.76
HYGP9XKMYF1HHEXP86K817ZN,2024-03-08,69214,2024,$208806.92
HYGP9XKPHYVXSSMP8Q7T0YWP,2023-05-27,36553,2023,0
HYGP9XKSAFG80650VBSVVP6E,2024-01-28,0,2023,$296451.89
HYGP9XKWJY7GBET2QRAM6P7J,2024-02-22,25463,2024,$24373.46
HYGP9XKZGTJ6VKHYV6S3R2FX,2023-11-14,30440,2024,$137585.16
HYGP9XM338Q1WA529SCBZ6EC,2023-07-26,88769,2023,$115071.42
HYGP9XM6PS28YBM8ZNEP5P1B,2023-12-17,3479,2023,$256449.22
HYGP9XM9FRDHKGVHS8F8PGJM,2024-02-20,53586,2024,0
HYGP9XMC39H9N53DB5G4TP38,2023-08-27,0,2023,$67665.20
HYGP9XMFSM6B5VY1GR9H6J4Y,2023-08-07,26109,2023,$265384.59
HYGP9XMJKNM0B0DKA877C4JA,2023-07-09,31091,2023,$72252.89
HYGP9XMNNEGE6WCFM5TV0DC9,2023-12-30,6305,2023,0
HYGP9XMR5RK9Y66KQRBZ3VTD,2023-07-26,13035,2024,$156260.53
HYGP9XMVZDWFDR1PFNARXMZA,2023-05-19,71742,2023,$16376.29
HYGP9XMYFE8NB1FT1E74M5CV,2024-01-29,46152,2024,$172987.52
HYGP9XN1VB97QKRRAE8ACCPG,2023-12-22,96404,2023,$49879.10
HYGP9XN4X0JT7418E19NG1VG,2024-02-10,95702,2024,$240986.01
HYGP9XN7ATHC7MPYN0TX71TA,2023-06-12,30278,2024,$148043.01
HYGP9XNAEPEJG10HVM6F9YNG,2024-01-18,99405,2023,$255569.03
HYGP9XNCNDK4N6Q4S1CZHK51,2023-12-13,76645,2023,$203375.51
HYGP9XNFA3RAWBJNJ423MJ61,2024-03-23,84690,2024,$33895.59
HYGP9XNJ83R4HQC58A4SZTWQ,2023-05-27,75689,2023,$77238.66
HYGP9XNN7RZ5TNFTWXA6WGM4,2023-12-02,50839,2023,$166530.58
HYGP9XNRF8AD1N9JRQ8EQG86,2023-07-25,99863,2024,$178954.46
HYGP9XNVTBZKZKC9Z1FHA9PP,2024-02-13,87998,2023,$258875.29
HYGP9XNYSGW0F3MWA9CE2HW7,2024-04-14,75779,2023,$236938.01
HYGP9XPEGJMR66FCCJCXHX74,2023-10-24,85559,2024,0
HYGP9XPHZ5YFN8ZS6XAPQFY1,2023-10-24,8495,2023,$93848.87
HYGP9XPMN3P8S4VFS0Z6A39Q,2024-01-03,0,2023,$207839.64
HYGP9XPR2DZA35EZJC2KYZDS,2023-09-09,0,2024,$126377.47
HYGP9XPVCYJ0W1FKKCZDDR7V,2023-11-21,13546,2023,$280714.22
HYGP9XPXG0XSG2ZFYK4XT6Y7,2023-12-06,21272,2023,$270272.81
HYGP9XQ1SBDTY10RGM1ANMZD,2024-02-01,74162,2023,$18992.90
HYGP9XQ45GRWZ1A0W91YY994,2023-12-19,21173,2023,$46907.25
HYGP9XQ7GF6JPG1V6G054G0Q,2023-11-19,66390,2024,$59875.61
HYGP9XQ9WN5SX5CDMEE9P7CM,2024-02-17,80874,2023,$56095.29
HYGP9XQCGACC9FJP4BXV9HMZ,2024-04-19,84258,2023,0
HYGP9XQEWYR09X82XW3H3GQT,2023-09-23,11446,2024,$63926.13
HYGP9XQHE59KZC5CBN0JS9G9,2024-03-10,40218,2023,$231493.98
HYGP9XQM7VQ5K9YRRGKKFB3R,2023-06-10,56347,2024,$16050.19
HYGP9XQQQADGDFAYE83N5MEX,2023-11-15,98092,2023,$253098.86
HYGP9XQV5CJKPRA0KRD5JFBM,2023-07-17,97588,2023,$280718.37
HYGP9XQYTPHPKEBTDJKDCESK,2023-06-15,41339,2023,$134310.83
HYGP9XR1MVVVFZ80TBXFFNYK,2024-04-28,61035,2024,$224547.47
HYGP9XR3VNBGTHVHGM434ZPY,2023-12-19,95840,2023,0
HYGP9XR6V9QZZ71RAWKDN112,2023-10-16,12132,2023,$30436.87
HYGP9XR70A6R5CHJ073SB3C8,2024-04-14,9053,2023,$104307.90
HYGP9XR95MWRBGW1YY4GA4D4,2024-02-10,73996,2024,$268177.93
HYGP9XRAR9XC4303EXWXP036,2024-04-21,39000,2023,$57909.35
HYGP9XRD3X9X9JSY8566JS30,2023-06-05,29788,2024,$172099.54
HYGP9XRGPWED89E7ZGFN53EP,2024-04-08,74454,2024,$190156.51
HYGP9XRMCAX38QMNS1MEGDF5,2024-03-18,89842,2023,$13869.14
HYGP9XRP1309KASS3KXSH6SD,2023-05-07,38243,2023,$132925.97
HYGP9XRRZQ4Q861KJBXVYX0Y,2023-08-29,64049,2024,$124897.58
HYGP9XRTJG27X4D6SR5KA2XX,2023-12-04,75248,2023,$240635.36
HYGP9XRXSY2NNVJGWPV70KTV,2023-05-27,71328,2023,$263905.19
HYGP9XS0EFV3SNNKYY34E3JV,2024-02-03,73305,2023,0
HYGP9XS3WNDWYD7TF121V2Y6,2023-12-02,96378,2023,$270418.25
HYGP9XS7E4PVH3GXSRM43N94,2024-02-16,77499,2023,$85173.98
HYGP9XSAG5H3CGZWK4MMPA7S,2023-12-24,0,2024,$202984.54
HYGP9XSD68FXQD3DNN83B1VX,2023-08-13,17107,2023,$226771.05
HYGP9XSGP9NDCKASHXFTYVRD,2023-12-30,81180,2023,0
HYGP9XSKTE50ZZT4B0MGQGWM,2023-05-03,86301,2024,$83538.36
HYGP9XSQ3SWHM3W5XARNEEW7,2023-09-25,0,2023,$240824.37
HYGP9XST28P22T3XX3A9732B,2023-09-17,72692,2024,$293188.09
HYGP9XSX4Q601KNF67FPK34F,2023-07-09,77673,2024,$277397.19
HYGP9XT0PZ331RQ0WP6RGYWD,2023-06-30,25343,2023,0
HYGP9XT2QP6EH5Z2ZD4QKHJK,2023-05-01,43703,2023,$19343.14
HYGP9XT33GJ8JZC6RACWGYTJ,2023-12-25,61720,2024,$287235.41
HYGP9XT666CE7CKYCTQS21K2,2023-10-02,27482,2023,$290467.00
HYGP9XT9B7CVHQM87065GTQK,2024-04-10,22921,2024,$149744.05
HYGP9XTANBVSNHRJMRH2K3E2,2024-02-04,20120,2024,$292746.07
HYGP9XTC4EMFDN4JRJS58F6C,2024-04-26,90330,2024,$105398.38
HYGP9XTFS5SAKXH3QJXRAKQA,2023-10-11,61940,2024,$53945.90
HYGP9XTHJBW033XKRGTXBX17,2023-08-02,62985,2024,$244880.05
HYGP9XTJ7P5GGN6EAP3RB0K8,2024-04-19,33079,2023,$55335.11
HYGP9XTM91NBP3VY4F7838P9,2023-12-27,35758,2023,$176774.66
HYGP9XTN80XZWA6M6Y2C8DMN,2023-06-06,1235,2023,$13068.95
HYGP9XTQGRH2VXGC42YERXMC,2023-08-09,0,2023,0
HYGP9XTSN2Y1P0B4BZ7K3YXR,2024-04-09,37106,2024,$260924.28
HYGP9XTV5CWG0ZARM2M1WEBR,2023-08-12,79104,2024,$178366.23
HYGP9XTX54NY9HY5683T1W4D,2024-01-24,43752,2023,$245108.26
HYGP9XTYKGA61CYZNE1ZKV8K,2023-10-27,20642,2023,0
HYGP9XV1HKBZ64VYXWQQP9F8,2023-06-15,48499,2023,$177755.61
HYGP9XV4ZWM0WA8W5CDRF0W8,2023-08-01,41589,2023,$239769.16
HYGP9XV7GWKH7T0A0FD9KN1T,2023-08-19,9538,2023,$88845.76
HYGP9XV9NDHDPW1VCCMWGGSE,2023-12-29,84918,2024,$22965.46
HYGP9XVB65XV65N9MNEC7G8T,2024-02-16,0,2024,$149057.58
HYGP9XVDVEHGQ3GG1DNJ8B1N,2024-04-21,21283,2023,0
HYGP9XVFWSNQ8Y7KT8CRWYK0,2023-05-22,41592,2023,$83640.89
HYGP9XVHRSBT0NA79XXHKW7W,2024-01-05,38247,2024,$169939.92
HYGP9XVJX2Y9DBT9DRRMSV3V,2024-03-25,0,2023,$140883.49
HYGP9XVNK6F1HGQEPBKFTGDZ,2024-02-23,27866,2023,$88109.64
HYGP9XVP9VB40RM5Q0JJK9J4,2023-11-12,0,2024,$297774.79
HYGP9XVQVGKEKMANJCEDWHJR,2023-10-16,12190,2024,$200463.12
HYGP9XVRQNNMRCC9DR6HS1RA,2024-02-05,25047,2024,$171838.26
HYGP9XVTQKB01DZ5AMQ2ZNZ7,2023-07-18,91887,2023,$218011.46
HYGP9XVVHC6G89KJMM5GNWRK,2023-09-04,95468,2024,0
HYGP9XVW8XB79S29ZP9TCR31,2023-05-26,82627,2024,$11604.40
HYGP9XVZADBAQC5DAE34VT96,2023-10-23,44316,2023,$224351.64
HYGP9XW1X2YF22PS3PVZMRK0,2024-01-18,43825,2024,$118200.70
HYGP9XW442QW9JWZKD0EKV6X,2023-06-16,5121,2024,$7782.58
HYGP9XW75875KTD2T7WPKH1P,2024-02-20,11255,2024,0
HYGP9XWAF7PT21W1AQ8H3VF2,2023-11-13,21424,2024,$90167.34
HYGP9XWCNDT8629X6037YA82,2024-04-18,43320,2024,$166508.56
HYGP9XWF7YXQADW3BQ00GJ6G,2023-07-29,72517,2023,$180065.63
HYGP9XWJS4EA49EA785GYMNF,2024-02-02,951,2023,$250408.94
HYGP9XWNR985NEESH3F714TT,2023-11-07,28381,2023,$55269.90
HYGP9XWS1QNR95Z9TGPP02BJ,2024-01-18,59292,2024,$185138.47
HYGP9XWW770C3NFAYH0CS9MT,2024-04-22,1537,2023,$241961.41
HYGP9XWYF8D38ZDSG45C5NW4,2023-07-21,61655,2024,$125294.10
HYGP9XX2258YW7EA3G40XMB3,2023-10-06,53444,2024,0
HYGP9XX443CGK405K2Q6XEB8,2023-06-02,67293,2024,0
HYGP9XX5A362G3CTXR39NPE1,2023-08-02,44288,2024,$209330.61
HYGP9XX7HSK4G056589J6M5E,2023-11-29,83763,2024,$144705.15
HYGP9XX90FAPX8ECXXTFC2RW,2023-10-23,0,2023,$21728.36
HYGP9XXBR1MZQPM88YBMKE6F,2023-05-29,43967,2024,$54052.58
HYGP9XXDGEDEYVP1YKHE4WSR,2023-11-23,664,2023,$162657.80
HYGP9XXGC45GZWVDHTWDZX45,2023-08-05,48655,2023,$14896.93
HYGP9XXJ2AZXQ4JC6XTWKBJD,2023-08-14,88277,2023,$192210.38
HYGP9XXMSM2K0YF8WXXW930G,2023-06-27,0,2023,$262554.61
HYGP9XXQMVNENE1JM7T63V7V,2023-08-29,42397,2023,$204326.64
HYGP9XXSN6TQ7Y2EVXTKRZM5,2023-12-20,51515,2024,$267658.26
HYGP9XXVN2WV9R5R66FE2PJ8,2023-12-27,72596,2023,$160533.20
HYGP9XXXW18HJYHV331E2PX0,2023-07-28,5891,2024,$280774.07
HYGP9XY0QXXDCCTFA6HX2QQY,2023-12-01,16983,2023,$176315.85
HYGP9XY2TBT9S3JTNEDHP8E8,2023-11-21,64209,2024,$246355.94
HYGP9XY441NYKKFD22R0TSZ2,2024-02-04,7738,2024,$186454.20
HYGP9XY8MYNVWNCKXK5XK360,2023-05-07,20711,2023,$41339.31
HYGP9XYBFWHZ84W7G3W5TYS5,2024-01-05,47845,2024,$139650.85
HYGP9XYEX0QXNAP7RXPVNBY0,2023-07-13,96712,2023,$236076.58
HYGP9XYH5A2SGAT3QTQYM1D7,2024-03-24,70782,2024,$152601.51
HYGP9XYMNP1YQ71E2247SH7J,2024-04-13,13031,2023,$239240.88
HYGP9XYQ8WN50MYRN4J1MEWM,2024-04-01,32949,2023,$133404.50
HYGP9XYTY1KHHAQZV2VXYT94,2023-09-03,4927,2023,$111044.09
HYGP9XYVVCYNVE6146P3CYB2,2024-03-14,0,2024,$178705.75
HYGP9XYXVK418E7Z020VD7QQ,2023-06-27,29057,2024,$203519.73
HYGP9XZ0QN09NA4A1VG9W5M8,2023-11-03,0,2023,$143107.39
HYGP9XZ3NB2ZA39ZR12W3CYB,2023-10-06,49056,2024,$177745.48
HYGP9XZ4PE3JRJ36GXPMBQ5E,2023-08-09,28309,2024,$127186.88
HYGP9XZ6452K1T3QPWN3J81Y,2024-02-10,69437,2024,$55628.47
HYGP9XZ9Q97RN9VSSGC3BS8D,2023-07-14,263,2023,0
HYGP9XZCJAJ677TP142RWGY3,2024-02-28,98804,2024,$214917.07
HYGP9XZFYTXJCAMFFYFAR450,2023-06-12,23037,2023,$164163.85
HYGP9XZGEKT13VX33WV8YYET,2023-06-20,22359,2024,$255783.77
HYGP9XZJVPGEJ829YJQG61H2,2023-07-27,73266,2023,$30243.80
HYGP9XZKJ11XA21T88159SRS,2024-04-23,80194,2023,$253358.51
HYGP9XZNETFV64VEMMNVV5XT,2024-04-22,85761,2024,$151920.81
HYGP9XZQ4E7G4E61FFF8TXG4,2023-08-02,0,2023,$149824.11
HYGP9XZSGJ3XJ9GST3Z8RE94,2023-05-31,5919,2024,$19086.05
HYGP9XZTANXVYBZ83YVYG0D9,2023-11-23,68200,2024,$39494.30
HYGP9XZVDK2TS2AX3B44VAM8,2023-09-12,9097,2023,$172239.06
HYGP9XZXQC52GANFVQ5WPPP3,2024-01-31,8701,2024,$281915.34
HYGP9XZYN596TNVPQHAA9PZ7,2023-09-19,36824,2023,$219468.11
HYGP9Y00TQAYDFWD6GP6KT8S,2023-10-05,28674,2024,$246611.85
HYGP9Y02NQXP5BEEK29JRYJ6,2023-11-25,26462,2023,$198456.60
HYGP9Y03QPAWSVXYBMEKZR69,2023-06-23,29077,2023,$107184.52
HYGP9Y04XWRFXVZTMASER1R3,2023-06-08,17869,2024,0
HYGP9Y06SFAQ8ENGERJDYVFY,2023-07-11,39180,2024,$253703.91
HYGP9Y07GY7YM21HHY7GQQQ2,2023-09-08,0,2023,$62786.73
HYGP9Y08J26HK2XTC4DDCJDZ,2024-04-12,27925,2023,$61846.82
HYGP9Y0AQYNASKMFH97KWGBN,2023-12-26,71405,2023,$245698.29
HYGP9Y0BEHMRYB4Y1GTGWNKV,2024-02-23,20692,2024,$33394.79
HYGP9Y0C5XF5CWJ6MCP0G9SD,2023-11-18,11745,2024,$139587.25
HYGP9Y0E3CZ4X91C9M3FPM0P,2023-05-18,0,2023,0
HYGP9Y0FYEZ76KPS682J5GNX,2023-12-28,39665,2024,$217357.18
HYGP9Y0HJ2ZEZM087N9S77EJ,2024-01-10,61426,2023,$164850.09
HYGP9Y0MW9TT9K7EDJJMTDQ0,2023-08-08,18352,2024,$5490.58
HYGP9Y0PPPFHBWEZ1V4DMZ21,2023-10-08,75883,2024,$195043.13
HYGP9Y0RM6TSPHK21V9YS9F0,2024-02-29,24842,2024,$64976.15
HYGP9Y0TVYTRJ56D1CFPQVXT,2023-07-22,73516,2024,$112857.79
HYGP9Y0W4RXNGD1N4GDVCPCG,2023-05-14,41599,2023,0
HYGP9Y0YT2QNDT19DN7ZQ97W,2023-05-14,62746,2023,$186890.95
HYGP9Y11FAQDCKYK51A98S0S,2023-06-20,45734,2024,0
HYGP9Y13EKQV6JS1GVMG5ATH,2023-06-01,46108,2024,$283654.58
HYGP9Y16FESZTQNEX5TP54AE,2023-07-01,49142,2023,$41738.33
HYGP9Y18W0TWT69SE0FZGA6Z,2023-06-06,0,2024,$274659.23
HYGP9Y1AVH7KMQN5SSH8FDQC,2024-02-14,5276,2024,$262177.69
HYGP9Y1C28HHX7J6231TN0BF,2024-04-16,88234,2024,0
HYGP9Y1EY9M5TTD1JG7S5ZTF,2024-01-02,79472,2024,$56942.22
HYGP9Y1HAW0XBYH6V9VY5W4V,2023-08-13,87060,2023,$188589.08
HYGP9Y1KX16GZ5MQDNAXJ4JW,2023-07-18,70882,2023,$124728.56
HYGP9Y1ND0SF7HY2G8XQZ284,2023-07-23,88711,2023,$181445.94
HYGP9Y1RB4N0RY6FKSQT8JFC,2024-02-11,32552,2024,$125013.10
HYGP9Y1TAY1VB4KZEDSVH4JW,2023-09-06,83973,2023,$56884.57
HYGP9Y1WY91XQPNSTNCS7C9E,2024-03-17,60976,2023,$116515.94
HYGP9Y1Z6V1JCFAD8HH88KJG,2024-02-06,73068,2024,$2844.99
HYGP9Y21AX31MNZETD6H09D8,2023-09-01,94328,2023,$26219.50
HYGP9Y23G9T69PTA623FTYWA,2023-09-12,89107,2023,$288341.60
HYGP9Y2601Q7DA1C07BRJQ23,2023-05-14,85239,2024,$25756.48
HYGP9Y28TF6E4DFZFDQ1BWDV,2024-02-20,0,2023,$53346.04
HYGP9Y2A2HY7HTNBD63379EX,2023-12-14,12107,2023,0
HYGP9Y2CT9CBPQ1K0KV9SH79,2023-11-25,67446,2023,$192000.21
HYGP9Y2FACYM4MJPYPBDVR67,2023-08-19,52283,2024,$192726.50
HYGP9Y2GWP8H3JQQAX0JB57H,2023-06-24,49721,2023,$60930.33
HYGP9Y2J6AM30J249WXGB2S7,2023-08-12,24828,2023,$118270.92
HYGP9Y2K7HETVEYZPERXP8FK,2023-12-21,66408,2024,$269209.09
HYGP9Y2NRENWMMDVDW0KQ58W,2024-04-22,43832,2023,$138823.40
HYGP9Y2QTFPWEBADNCSBKZK7,2024-02-21,38391,2024,$118077.34
HYGP9Y2R49DV6YZ54DXVBKHD,2024-01-12,53869,2024,0
HYGP9Y2TGWTN3FYV1J2SSQXH,2024-03-07,54560,2023,$88433.87
HYGP9Y2VM6QST99QF89Q21FB,2023-08-28,73200,2023,$95106.91
HYGP9Y2XE88PX9C9SZSFBJ76,2023-10-14,81587,2023,$66660.24
HYGP9Y2YB1G4751TJ0FS378K,2023-11-14,77660,2024,$264634.92
HYGP9Y302580FX653HHDKKVX,2023-12-12,94755,2024,$283784.11
HYGP9Y31XBA52HE0H48RDZT2,2023-07-06,64993,2023,$205727.35
HYGP9Y33GKFV66ZXZ163TH3P,2023-05-05,63729,2023,$155294.21
HYGP9Y36S1JGPPX4TZFP203S,2024-04-07,69038,2023,$235448.51
HYGP9Y39QV57092DRPXH59E0,2023-11-14,59142,2023,$101643.64
HYGP9Y3BRP5DJRJH1S6S9TNH,2024-04-05,43737,2024,$242481.20
HYGP9Y3E4367CW9J5194HQ5A,2023-10-10,18462,2023,$160824.35
HYGP9Y3H0GQH2VF8WH4V15X5,2023-10-27,38969,2023,$37951.29
HYGP9Y3MTR9BWF29KYQ2Z931,2023-05-18,15412,2023,$185875.04
HYGP9Y3PK9W4M3M95MRFZTA7,2023-10-07,25459,2023,$68645.60
HYGP9Y3QRH83Z24EGA51CDFQ,2024-03-22,68497,2024,$53087.75
HYGP9Y3S9GM97G1ZHM83FK0M,2024-03-08,90593,2023,$16310.70
HYGP9Y3VQNJ25Y53EMA7AYXJ,2024-04-17,40129,2024,$224267.36
HYGP9Y3YX0DTJXH4TNBNW6GN,2023-08-26,97566,2023,$195448.20
HYGP9Y4106P3MDZTBYVRRJDJ,2023-07-24,17725,2024,0
HYGP9Y44JF73KAGNBGW190ZA,2024-02-05,19461,2023,$286347.72
HYGP9Y47XQ65GCBW8KSA290Y,2023-09-11,28606,2024,$253463.74
HYGP9Y49WJ36QZ6BGP1FNRPS,2023-11-14,0,2023,$119210.75
HYGP9Y4C745BTEAMQWMW4XH8,2023-08-20,98685,2023,$91560.61
HYGP9Y4EFK26BRQFY9A2SS56,2023-07-30,84852,2024,$283834.03
HYGP9Y4HA1Q45WY0EWJWW99Y,2024-03-02,34910,2024,$113192.23
HYGP9Y4K3ZHV08MPSFEEA8TY,2024-04-16,15979,2023,$90339.77
HYGP9Y4P7BKEA2SH7TDGPH5K,2023-12-23,34185,2024,$136172.45
HYGP9Y4S5BFZ59YM4D0H5JFV,2024-04-04,91668,2024,$145386.83
HYGP9Y4XNT8N9VTYSN8K1YSA,2023-11-01,40478,2023,$298664.42
HYGP9Y50DS8Z92C79DGEXEP0,2023-12-24,67491,2023,$255590.05
HYGP9Y53RC4G2DZV5WJ4AWJ0,2023-12-19,66529,2024,$132317.55
HYGP9Y55E5M84DJM26A8F32S,2024-03-19,371,2023,$115519.12
HYGP9Y572DW83T5Q1CMYRYPT,2023-12-28,0,2023,$236123.45
HYGP9Y58VNQ0JYYXDK1RVQZK,2023-09-12,0,2023,$251853.01
HYGP9Y59JWAZTP299F0XZXHK,2024-03-01,63791,2023,$295939.96
HYGP9Y5BP81MAZC11WW4PH7A,2023-06-25,41769,2023,$77110.62
HYGP9Y5DGC3KNPHGK20BCFG6,2023-07-02,22287,2024,$206600.69
HYGP9Y5EERH7QZX49H5ZNHMD,2024-01-07,89279,2024,$244740.30
HYGP9Y5FZP73DM9Y7JJ638QT,2023-06-07,0,2024,$184880.09
HYGP9Y5JV4RHWS7SH1Q9FEX9,2023-12-10,35037,2024,$116880.90
HYGP9Y5KXWKWQKPGGPR6WYG1,2023-11-26,11906,2024,$297913.18
HYGP9Y5PASPJMJS5T00960DJ,2023-08-22,78,2023,0
HYGP9Y5SB75QX3D10E7ABD5Q,2023-10-14,37441,2023,$61684.66
HYGP9Y5WA1W9VJ52PVN4ZJB1,2023-08-06,66682,2023,$65156.26
HYGP9Y5YT060MJXK61FWQTXR,2024-03-29,49073,2023,$172358.99
HYGP9Y61FSZQSBNJ5GQ9PR7Z,2023-10-24,4172,2023,$7200.54
HYGP9Y642A2B5AK21BVS9YHR,2023-06-21,3756,2024,0
HYGP9Y66FEFJ29JDC5M93G7N,2023-11-15,12265,2024,$220951.65
HYGP9Y69DYC024GGB6KSR3EZ,2023-12-22,76932,2023,$631.04
HYGP9Y6C1B06YF0911C2F65E,2023-09-29,52419,2023,$230929.32
HYGP9Y6EPG28ASG8QHHK6ZFF,2023-07-30,24239,2023,$112205.59
HYGP9Y6JX51XRB6HAYSEM3YZ,2024-04-21,29705,2023,$25218.29
HYGP9Y6NS9APX2801P1VY9Y7,2024-04-05,0,2023,$30705.60
HYGP9Y6R1TWAWM4B6Q54A5VQ,2023-12-19,6355,2023,$257439.94
HYGP9Y6VHBKY8VN7EDAFYRVC,2023-05-08,29985,2023,$32359.56
HYGP9Y6YBRXGQSBZW7DCGJMG,2023-11-03,0,2023,$229001.54
HYGP9Y718AZ8Z7T201ZAH9GV,2024-03-08,0,2024,$185089.74
HYGP9Y74XAWAXP1BV8379H7F,2024-01-13,38896,2024,$178429.55
HYGP9Y771X4GACEWXCPHPXTM,2024-02-14,63724,2024,$8894.64
HYGP9Y7A4TCD4H4R0CR6SV88,2024-02-11,51735,2024,$197478.07
HYGP9Y7ES3MBJXKR8KD9NZDG,2023-06-30,4044,2024,$238018.17
HYGP9Y7HRVG00X5W9MGTQWW9,2023-05-28,43152,2023,$133861.75
HYGP9Y7NWG2H81QPGWY6180A,2023-05-18,2561,2023,$288792.03
HYGP9Y7RS1YNW5FF90TFSFYP,2023-10-14,84989,2023,0
HYGP9Y7VVZ1EYRJ60R64XX3S,2023-07-28,45364,2023,$13882.73
HYGP9Y7Z7W36GSP3A5GJ2HJ7,2024-04-05,80289,2023,$122778.09
HYGP9Y82QKXBVF9174EHH3Q6,2024-04-02,31692,2023,$77745.92
HYGP9Y846KAZ1FMVH3M5XVK5,2023-09-02,0,2024,$136229.56
HYGP9Y876C5TXJ25GMG3NS85,2024-01-27,43001,2024,$202677.18
HYGP9Y8B460552W3KV2EDPV5,2023-12-27,0,2024,0
HYGP9Y8D0CJ3ABMQ67ZBC43P,2023-05-01,39359,2023,$246673.47
HYGP9Y8HKBVNEZA83WQX3MG3,2024-01-17,65600,2024,$5057.31
HYGP9Y8MDNYV35FET02DVWFA,2024-01-21,0,2024,$229890.42
HYGP9Y8QBNTDT8F19MC2FGGX,2023-10-24,40497,2023,$72605.70
HYGP9Y8T4G3M9T22AG6WYMEY,2023-08-13,4023,2024,$76718.59
HYGP9Y8Y1VMNTK6B2S1ZPKPH,2024-03-23,38883,2023,$188020.87
HYGP9Y91BGP9DFYGGSAAMA10,2023-05-14,69030,2023,$44485.09
HYGP9Y94JX1WEQK32SC1WK3G,2023-12-19,53248,2024,$176490.70
HYGP9Y96CZ87A3EMSHVJ3NSB,2023-11-09,37503,2024,$46283.46
HYGP9Y97CPB4XPWZSM91M0JP,2023-09-01,77551,2023,$284548.58
HYGP9Y98F0X2YC54JPSVDARQ,2024-04-28,48517,2023,$132535.90
HYGP9Y9ADA303S0KQ9V1HTGG,2024-03-13,15294,2024,$105453.77
HYGP9Y9BRJYFCQGWXYTXGDW9,2023-07-20,0,2024,$24868.61
HYGP9Y9C0P4AVERC89X1DWSE,2023-06-11,77298,2024,$48659.21
HYGP9Y9D9B4C29M6AE1E9X4A,2023-07-28,0,2023,$127334.33
HYGP9Y9F2T1C8EVTD0G2WGDZ,2023-06-07,75810,2024,$209799.30
HYGP9Y9GA4B0YP4CPZK3CSRD,2023-07-26,73207,2023,$202196.83
HYGP9Y9H0X2YJ56WGSTE63HX,2023-07-11,77492,2024,$96799.55
HYGP9Y9KXD8B5687GAJ4HDP2,2023-05-30,84107,2024,$95612.06
HYGP9Y9MC6J9VMV22E8HFFRZ,2023-12-16,48218,2024,$271781.30
HYGP9Y9N1V6SST18GFPB4W2V,2023-08-22,68380,2023,$286470.29
HYGP9Y9P2DR2Q61CC302G6S6,2023-09-22,2599,2023,$8079.84
HYGP9Y9RMVQYTNFFA46GW8FP,2023-11-24,34618,2023,$75374.39
HYGP9Y9SZTES3MN7M7HEXD43,2023-12-10,7794,2024,$170870.91
HYGP9Y9TBVJD6DYPKQMZB2P0,2023-06-13,98327,2023,$293440.43
HYGP9Y9WTESK25QTZ420T503,2023-11-06,94119,2023,$82265.72
HYGP9Y9XY5MK7QBG1JCK707J,2023-11-17,32262,2024,$39662.61
HYGP9Y9YAAXZR0RXDPZNR69K,2023-06-24,65404,2023,$265182.38
HYGP9Y9Z2YWAKTZ9JY4REYNX,2024-02-29,25030,2023,$178990.64
HYGP9YA10MG2VATFHFN1SZ0K,2024-03-06,50075,2024,$271486.40
HYGP9YA2VNBVV07GVRA94TNV,2024-03-01,71595,2023,$156922.04
HYGP9YA35M549W841Q39ABQN,2024-01-20,39488,2024,$145878.35
HYGP9YA4X70ACQ5D4A14PD5Y,2023-12-13,49993,2023,0
HYGP9YA5Y4G5HZP90C03BJ0Q,2023-08-28,85175,2023,$73510.86
HYGP9YA6E1FQ7TQSFRDDXVP3,2024-03-19,27094,2024,$274576.58
HYGP9YA8TGFDW9VW0KDDFS55,2023-10-21,85258,2024,$281435.11
HYGP9YA9QE32E9HRYPFDWJ2D,2023-07-26,67484,2024,0
HYGP9YAA3N9CA24V7YSQTEXX,2023-12-21,0,2023,$139597.57
